-- phpMyAdmin SQL Dump
-- version 5.2.0
-- https://www.phpmyadmin.net/
--
-- Host: localhost:3306
-- Generation Time: Jan 27, 2025 at 08:32 AM
-- Server version: 8.0.30
-- PHP Version: 8.1.10

SET SQL_MODE = "NO_AUTO_VALUE_ON_ZERO";
START TRANSACTION;
SET time_zone = "+00:00";


/*!40101 SET @OLD_CHARACTER_SET_CLIENT=@@CHARACTER_SET_CLIENT */;
/*!40101 SET @OLD_CHARACTER_SET_RESULTS=@@CHARACTER_SET_RESULTS */;
/*!40101 SET @OLD_COLLATION_CONNECTION=@@COLLATION_CONNECTION */;
/*!40101 SET NAMES utf8mb4 */;

--
-- Database: `myiot`
--

-- --------------------------------------------------------

--
-- Table structure for table `data`
--

CREATE TABLE `data` (
  `id` int NOT NULL,
  `serial_number` varchar(10) NOT NULL,
  `sensor_actuator` enum('Sensor','Actuator') NOT NULL,
  `value` varchar(20) NOT NULL,
  `name` varchar(20) NOT NULL,
  `mqtt_topic` text CHARACTER SET utf8mb4 COLLATE utf8mb4_0900_ai_ci NOT NULL,
  `time` datetime NOT NULL DEFAULT CURRENT_TIMESTAMP
) ENGINE=InnoDB DEFAULT CHARSET=utf8mb4 COLLATE=utf8mb4_0900_ai_ci;

--
-- Dumping data for table `data`
--

INSERT INTO `data` (`id`, `serial_number`, `sensor_actuator`, `value`, `name`, `mqtt_topic`, `time`) VALUES
(1, '0123456789', 'Sensor', '25', 'suhu', 'luckyharvi/0123456789/suhu', '2025-01-09 10:30:03'),
(2, '0123456789', 'Sensor', '21', 'suhu', 'luckyharvi/0123456789/suhu', '2025-01-09 10:30:03'),
(3, '9876543210', 'Actuator', '75', 'servo', 'luckyharvi/9876543210/servo', '2025-01-09 10:30:03'),
(4, '0123456789', 'Actuator', '24', 'servo', 'luckyharvi/0123456789/servo', '2025-01-09 10:30:03'),
(5, '1101', 'Actuator', '24', 'servo', 'luckyharvi/1101/servo', '2025-01-09 10:30:03'),
(7, '1101', 'Actuator', '180', 'servo', 'luckyharvi/1101/servo', '2025-01-09 10:30:03'),
(8, '000000', 'Actuator', '160', 'servo', 'luckyharvi/000000/servo', '2025-01-09 10:30:03'),
(10, '0123456789', 'Sensor', '80.00', 'suhu', 'luckyharvi/0123456789/suhu', '2025-01-11 19:31:08'),
(11, '0123456789', 'Sensor', '100.00', 'kelembapan', 'luckyharvi/0123456789/kelembapan', '2025-01-11 19:31:10'),
(12, '0123456789', 'Sensor', '80.00', 'suhu', 'luckyharvi/0123456789/suhu', '2025-01-11 19:31:11'),
(13, '0123456789', 'Sensor', '100.00', 'kelembapan', 'luckyharvi/0123456789/kelembapan', '2025-01-11 19:31:13'),
(14, '0123456789', 'Sensor', '80.00', 'suhu', 'luckyharvi/0123456789/suhu', '2025-01-11 19:31:15'),
(15, '0123456789', 'Sensor', '100.00', 'kelembapan', 'luckyharvi/0123456789/kelembapan', '2025-01-11 19:31:17'),
(16, '0123456789', 'Actuator', 'on', 'led', 'luckyharvi/0123456789/led/2', '2025-01-11 19:31:18'),
(17, '0123456789', 'Actuator', 'on', 'led', 'luckyharvi/0123456789/led/1', '2025-01-11 19:31:20'),
(18, '0123456789', 'Sensor', '80.00', 'suhu', 'luckyharvi/0123456789/suhu', '2025-01-11 19:31:22'),
(19, '0123456789', 'Sensor', '100.00', 'kelembapan', 'luckyharvi/0123456789/kelembapan', '2025-01-11 19:31:25'),
(20, '0123456789', 'Sensor', '1457', 'potensiometer', 'luckyharvi/0123456789/potensiometer', '2025-01-11 19:31:29'),
(21, '0123456789', 'Sensor', '80.00', 'suhu', 'luckyharvi/0123456789/suhu', '2025-01-11 19:31:36'),
(22, '0123456789', 'Sensor', '100.00', 'kelembapan', 'luckyharvi/0123456789/kelembapan', '2025-01-11 19:31:37'),
(23, '0123456789', 'Sensor', '244', 'potensiometer', 'luckyharvi/0123456789/potensiometer', '2025-01-11 19:31:41'),
(24, '0123456789', 'Sensor', '80.00', 'suhu', 'luckyharvi/0123456789/suhu', '2025-01-11 19:31:49'),
(27, '0123456789', 'Actuator', 'off', 'led', 'luckyharvi/0123456789/led/1', '2025-01-11 19:31:54'),
(28, '0123456789', 'Sensor', '80.00', 'suhu', 'luckyharvi/0123456789/suhu', '2025-01-11 19:32:01'),
(29, '0123456789', 'Sensor', '100.00', 'kelembapan', 'luckyharvi/0123456789/kelembapan', '2025-01-11 19:32:02'),
(30, '0123456789', 'Sensor', '26.50', 'suhu', 'luckyharvi/0123456789/suhu', '2025-01-11 19:32:13'),
(31, '0123456789', 'Sensor', '48.50', 'kelembapan', 'luckyharvi/0123456789/kelembapan', '2025-01-11 19:32:14'),
(32, '0123456789', 'Sensor', '26.50', 'suhu', 'luckyharvi/0123456789/suhu', '2025-01-11 19:32:23'),
(33, '0123456789', 'Sensor', '48.50', 'kelembapan', 'luckyharvi/0123456789/kelembapan', '2025-01-11 19:32:24'),
(34, '0123456789', 'Sensor', '-11.00', 'suhu', 'luckyharvi/0123456789/suhu', '2025-01-11 19:32:34'),
(35, '0123456789', 'Sensor', '30.00', 'kelembapan', 'luckyharvi/0123456789/kelembapan', '2025-01-11 19:32:36'),
(36, '0123456789', 'Sensor', '-11.00', 'suhu', 'luckyharvi/0123456789/suhu', '2025-01-11 19:32:44'),
(37, '0123456789', 'Sensor', '30.00', 'kelembapan', 'luckyharvi/0123456789/kelembapan', '2025-01-11 19:32:45'),
(38, '0123456789', 'Sensor', '-11.00', 'suhu', 'luckyharvi/0123456789/suhu', '2025-01-11 19:32:55'),
(39, '0123456789', 'Sensor', '30.00', 'kelembapan', 'luckyharvi/0123456789/kelembapan', '2025-01-11 19:32:57'),
(40, '0123456789', 'Sensor', '-11.00', 'suhu', 'luckyharvi/0123456789/suhu', '2025-01-11 19:33:07'),
(41, '0123456789', 'Sensor', '30.00', 'kelembapan', 'luckyharvi/0123456789/kelembapan', '2025-01-11 19:33:09'),
(42, '0123456789', 'Sensor', '-11.00', 'suhu', 'luckyharvi/0123456789/suhu', '2025-01-11 19:33:18'),
(43, '0123456789', 'Sensor', '30.00', 'kelembapan', 'luckyharvi/0123456789/kelembapan', '2025-01-11 19:33:20'),
(44, '0123456789', 'Sensor', '-11.00', 'suhu', 'luckyharvi/0123456789/suhu', '2025-01-11 19:33:29'),
(45, '0123456789', 'Sensor', '30.00', 'kelembapan', 'luckyharvi/0123456789/kelembapan', '2025-01-11 19:33:31'),
(46, '0123456789', 'Sensor', '15.20', 'suhu', 'luckyharvi/0123456789/suhu', '2025-01-11 19:33:41'),
(47, '0123456789', 'Sensor', '67.50', 'kelembapan', 'luckyharvi/0123456789/kelembapan', '2025-01-11 19:33:42'),
(48, '0123456789', 'Sensor', '15.20', 'suhu', 'luckyharvi/0123456789/suhu', '2025-01-11 19:33:51'),
(49, '0123456789', 'Sensor', '67.50', 'kelembapan', 'luckyharvi/0123456789/kelembapan', '2025-01-11 19:33:53'),
(50, '0123456789', 'Sensor', '15.20', 'suhu', 'luckyharvi/0123456789/suhu', '2025-01-11 19:34:02'),
(51, '0123456789', 'Sensor', '67.50', 'kelembapan', 'luckyharvi/0123456789/kelembapan', '2025-01-11 19:34:03'),
(52, '0123456789', 'Actuator', '49', 'servo', 'luckyharvi/0123456789/servo', '2025-01-11 19:34:09'),
(53, '0123456789', 'Actuator', '51', 'servo', 'luckyharvi/0123456789/servo', '2025-01-11 19:34:15'),
(54, '0123456789', 'Actuator', '54', 'servo', 'luckyharvi/0123456789/servo', '2025-01-11 19:34:15'),
(55, '0123456789', 'Actuator', '60', 'servo', 'luckyharvi/0123456789/servo', '2025-01-11 19:34:15'),
(56, '0123456789', 'Actuator', '64', 'servo', 'luckyharvi/0123456789/servo', '2025-01-11 19:34:15'),
(57, '0123456789', 'Actuator', '67', 'servo', 'luckyharvi/0123456789/servo', '2025-01-11 19:34:16'),
(58, '0123456789', 'Actuator', '70', 'servo', 'luckyharvi/0123456789/servo', '2025-01-11 19:34:16'),
(59, '0123456789', 'Actuator', '73', 'servo', 'luckyharvi/0123456789/servo', '2025-01-11 19:34:16'),
(60, '0123456789', 'Actuator', '75', 'servo', 'luckyharvi/0123456789/servo', '2025-01-11 19:34:16'),
(61, '0123456789', 'Actuator', '78', 'servo', 'luckyharvi/0123456789/servo', '2025-01-11 19:34:16'),
(62, '0123456789', 'Actuator', '80', 'servo', 'luckyharvi/0123456789/servo', '2025-01-11 19:34:17'),
(63, '0123456789', 'Actuator', '82', 'servo', 'luckyharvi/0123456789/servo', '2025-01-11 19:34:17'),
(64, '0123456789', 'Actuator', '84', 'servo', 'luckyharvi/0123456789/servo', '2025-01-11 19:34:17'),
(65, '0123456789', 'Actuator', '51', 'servo', 'luckyharvi/0123456789/servo', '2025-01-11 19:34:17'),
(66, '0123456789', 'Actuator', '54', 'servo', 'luckyharvi/0123456789/servo', '2025-01-11 19:34:17'),
(67, '0123456789', 'Actuator', '60', 'servo', 'luckyharvi/0123456789/servo', '2025-01-11 19:34:18'),
(68, '0123456789', 'Actuator', '64', 'servo', 'luckyharvi/0123456789/servo', '2025-01-11 19:34:18'),
(69, '0123456789', 'Actuator', '67', 'servo', 'luckyharvi/0123456789/servo', '2025-01-11 19:34:18'),
(70, '0123456789', 'Actuator', '70', 'servo', 'luckyharvi/0123456789/servo', '2025-01-11 19:34:18'),
(71, '0123456789', 'Actuator', '73', 'servo', 'luckyharvi/0123456789/servo', '2025-01-11 19:34:19'),
(72, '0123456789', 'Actuator', '75', 'servo', 'luckyharvi/0123456789/servo', '2025-01-11 19:34:19'),
(73, '0123456789', 'Actuator', '78', 'servo', 'luckyharvi/0123456789/servo', '2025-01-11 19:34:19'),
(74, '0123456789', 'Actuator', '80', 'servo', 'luckyharvi/0123456789/servo', '2025-01-11 19:34:19'),
(75, '0123456789', 'Actuator', '82', 'servo', 'luckyharvi/0123456789/servo', '2025-01-11 19:34:19'),
(76, '0123456789', 'Actuator', '84', 'servo', 'luckyharvi/0123456789/servo', '2025-01-11 19:34:20'),
(77, '0123456789', 'Actuator', '51', 'servo', 'luckyharvi/0123456789/servo', '2025-01-11 19:34:20'),
(78, '0123456789', 'Actuator', '54', 'servo', 'luckyharvi/0123456789/servo', '2025-01-11 19:34:20'),
(79, '0123456789', 'Actuator', '60', 'servo', 'luckyharvi/0123456789/servo', '2025-01-11 19:34:20'),
(80, '0123456789', 'Actuator', '64', 'servo', 'luckyharvi/0123456789/servo', '2025-01-11 19:34:20'),
(81, '0123456789', 'Actuator', '67', 'servo', 'luckyharvi/0123456789/servo', '2025-01-11 19:34:21'),
(82, '0123456789', 'Actuator', '70', 'servo', 'luckyharvi/0123456789/servo', '2025-01-11 19:34:21'),
(83, '0123456789', 'Actuator', '73', 'servo', 'luckyharvi/0123456789/servo', '2025-01-11 19:34:21'),
(84, '0123456789', 'Actuator', '75', 'servo', 'luckyharvi/0123456789/servo', '2025-01-11 19:34:21'),
(85, '0123456789', 'Actuator', '78', 'servo', 'luckyharvi/0123456789/servo', '2025-01-11 19:34:21'),
(86, '0123456789', 'Actuator', '80', 'servo', 'luckyharvi/0123456789/servo', '2025-01-11 19:34:22'),
(87, '0123456789', 'Sensor', '67.50', 'kelembapan', 'luckyharvi/0123456789/kelembapan', '2025-01-11 19:34:22'),
(89, '0123456789', 'Actuator', '82', 'servo', 'luckyharvi/0123456789/servo', '2025-01-11 19:34:22'),
(90, '0123456789', 'Actuator', '84', 'servo', 'luckyharvi/0123456789/servo', '2025-01-11 19:34:23'),
(91, '0123456789', 'Actuator', '51', 'servo', 'luckyharvi/0123456789/servo', '2025-01-11 19:34:23'),
(92, '0123456789', 'Actuator', '54', 'servo', 'luckyharvi/0123456789/servo', '2025-01-11 19:34:23'),
(93, '0123456789', 'Actuator', '60', 'servo', 'luckyharvi/0123456789/servo', '2025-01-11 19:34:23'),
(94, '0123456789', 'Actuator', '64', 'servo', 'luckyharvi/0123456789/servo', '2025-01-11 19:34:23'),
(95, '0123456789', 'Actuator', '67', 'servo', 'luckyharvi/0123456789/servo', '2025-01-11 19:34:24'),
(96, '0123456789', 'Actuator', '70', 'servo', 'luckyharvi/0123456789/servo', '2025-01-11 19:34:24'),
(97, '0123456789', 'Actuator', '73', 'servo', 'luckyharvi/0123456789/servo', '2025-01-11 19:34:24'),
(98, '0123456789', 'Actuator', '75', 'servo', 'luckyharvi/0123456789/servo', '2025-01-11 19:34:24'),
(99, '0123456789', 'Actuator', '78', 'servo', 'luckyharvi/0123456789/servo', '2025-01-11 19:34:24'),
(100, '0123456789', 'Actuator', '80', 'servo', 'luckyharvi/0123456789/servo', '2025-01-11 19:34:25'),
(101, '0123456789', 'Actuator', '82', 'servo', 'luckyharvi/0123456789/servo', '2025-01-11 19:34:25'),
(102, '0123456789', 'Actuator', '84', 'servo', 'luckyharvi/0123456789/servo', '2025-01-11 19:34:25'),
(103, '0123456789', 'Actuator', '51', 'servo', 'luckyharvi/0123456789/servo', '2025-01-11 19:34:25'),
(104, '0123456789', 'Actuator', '54', 'servo', 'luckyharvi/0123456789/servo', '2025-01-11 19:34:25'),
(105, '0123456789', 'Actuator', '60', 'servo', 'luckyharvi/0123456789/servo', '2025-01-11 19:34:26'),
(106, '0123456789', 'Actuator', '64', 'servo', 'luckyharvi/0123456789/servo', '2025-01-11 19:34:26'),
(107, '0123456789', 'Actuator', '67', 'servo', 'luckyharvi/0123456789/servo', '2025-01-11 19:34:26'),
(108, '0123456789', 'Actuator', '70', 'servo', 'luckyharvi/0123456789/servo', '2025-01-11 19:34:26'),
(109, '0123456789', 'Actuator', '73', 'servo', 'luckyharvi/0123456789/servo', '2025-01-11 19:34:27'),
(110, '0123456789', 'Actuator', '75', 'servo', 'luckyharvi/0123456789/servo', '2025-01-11 19:34:27'),
(111, '0123456789', 'Actuator', '78', 'servo', 'luckyharvi/0123456789/servo', '2025-01-11 19:34:27'),
(112, '0123456789', 'Actuator', '80', 'servo', 'luckyharvi/0123456789/servo', '2025-01-11 19:34:27'),
(113, '0123456789', 'Actuator', '82', 'servo', 'luckyharvi/0123456789/servo', '2025-01-11 19:34:27'),
(114, '0123456789', 'Actuator', '84', 'servo', 'luckyharvi/0123456789/servo', '2025-01-11 19:34:28'),
(115, '0123456789', 'Actuator', '51', 'servo', 'luckyharvi/0123456789/servo', '2025-01-11 19:34:28'),
(116, '0123456789', 'Actuator', '54', 'servo', 'luckyharvi/0123456789/servo', '2025-01-11 19:34:28'),
(117, '0123456789', 'Actuator', '60', 'servo', 'luckyharvi/0123456789/servo', '2025-01-11 19:34:28'),
(118, '0123456789', 'Actuator', '64', 'servo', 'luckyharvi/0123456789/servo', '2025-01-11 19:34:28'),
(119, '0123456789', 'Actuator', '67', 'servo', 'luckyharvi/0123456789/servo', '2025-01-11 19:34:29'),
(120, '0123456789', 'Actuator', '70', 'servo', 'luckyharvi/0123456789/servo', '2025-01-11 19:34:29'),
(121, '0123456789', 'Actuator', '73', 'servo', 'luckyharvi/0123456789/servo', '2025-01-11 19:34:29'),
(122, '0123456789', 'Actuator', '75', 'servo', 'luckyharvi/0123456789/servo', '2025-01-11 19:34:29'),
(123, '0123456789', 'Actuator', '78', 'servo', 'luckyharvi/0123456789/servo', '2025-01-11 19:34:30'),
(124, '0123456789', 'Actuator', '80', 'servo', 'luckyharvi/0123456789/servo', '2025-01-11 19:34:30'),
(125, '0123456789', 'Actuator', '82', 'servo', 'luckyharvi/0123456789/servo', '2025-01-11 19:34:30'),
(126, '0123456789', 'Actuator', '84', 'servo', 'luckyharvi/0123456789/servo', '2025-01-11 19:34:30'),
(127, '0123456789', 'Actuator', '51', 'servo', 'luckyharvi/0123456789/servo', '2025-01-11 19:34:30'),
(128, '0123456789', 'Actuator', '54', 'servo', 'luckyharvi/0123456789/servo', '2025-01-11 19:34:31'),
(129, '0123456789', 'Actuator', '60', 'servo', 'luckyharvi/0123456789/servo', '2025-01-11 19:34:31'),
(130, '0123456789', 'Actuator', '64', 'servo', 'luckyharvi/0123456789/servo', '2025-01-11 19:34:31'),
(131, '0123456789', 'Actuator', '67', 'servo', 'luckyharvi/0123456789/servo', '2025-01-11 19:34:31'),
(132, '0123456789', 'Actuator', '70', 'servo', 'luckyharvi/0123456789/servo', '2025-01-11 19:34:31'),
(133, '0123456789', 'Actuator', '73', 'servo', 'luckyharvi/0123456789/servo', '2025-01-11 19:34:32'),
(134, '0123456789', 'Actuator', '75', 'servo', 'luckyharvi/0123456789/servo', '2025-01-11 19:34:32'),
(135, '0123456789', 'Actuator', '78', 'servo', 'luckyharvi/0123456789/servo', '2025-01-11 19:34:32'),
(136, '0123456789', 'Actuator', '80', 'servo', 'luckyharvi/0123456789/servo', '2025-01-11 19:34:32'),
(137, '0123456789', 'Actuator', '82', 'servo', 'luckyharvi/0123456789/servo', '2025-01-11 19:34:32'),
(138, '0123456789', 'Actuator', '84', 'servo', 'luckyharvi/0123456789/servo', '2025-01-11 19:34:33'),
(139, '0123456789', 'Actuator', '51', 'servo', 'luckyharvi/0123456789/servo', '2025-01-11 19:34:33'),
(140, '0123456789', 'Actuator', '54', 'servo', 'luckyharvi/0123456789/servo', '2025-01-11 19:34:33'),
(141, '0123456789', 'Actuator', '60', 'servo', 'luckyharvi/0123456789/servo', '2025-01-11 19:34:33'),
(142, '0123456789', 'Actuator', '64', 'servo', 'luckyharvi/0123456789/servo', '2025-01-11 19:34:34'),
(143, '0123456789', 'Actuator', '67', 'servo', 'luckyharvi/0123456789/servo', '2025-01-11 19:34:34'),
(144, '0123456789', 'Actuator', '70', 'servo', 'luckyharvi/0123456789/servo', '2025-01-11 19:34:34'),
(145, '0123456789', 'Actuator', '73', 'servo', 'luckyharvi/0123456789/servo', '2025-01-11 19:34:34'),
(146, '0123456789', 'Actuator', '75', 'servo', 'luckyharvi/0123456789/servo', '2025-01-11 19:34:34'),
(147, '0123456789', 'Actuator', '78', 'servo', 'luckyharvi/0123456789/servo', '2025-01-11 19:34:35'),
(148, '0123456789', 'Actuator', '80', 'servo', 'luckyharvi/0123456789/servo', '2025-01-11 19:34:35'),
(149, '0123456789', 'Actuator', '82', 'servo', 'luckyharvi/0123456789/servo', '2025-01-11 19:34:35'),
(150, '0123456789', 'Actuator', '84', 'servo', 'luckyharvi/0123456789/servo', '2025-01-11 19:34:35'),
(151, '0123456789', 'Actuator', '51', 'servo', 'luckyharvi/0123456789/servo', '2025-01-11 19:34:35'),
(152, '0123456789', 'Actuator', '54', 'servo', 'luckyharvi/0123456789/servo', '2025-01-11 19:34:36'),
(153, '0123456789', 'Actuator', '60', 'servo', 'luckyharvi/0123456789/servo', '2025-01-11 19:34:36'),
(154, '0123456789', 'Actuator', '64', 'servo', 'luckyharvi/0123456789/servo', '2025-01-11 19:34:36'),
(155, '0123456789', 'Actuator', '67', 'servo', 'luckyharvi/0123456789/servo', '2025-01-11 19:34:36'),
(156, '0123456789', 'Actuator', '70', 'servo', 'luckyharvi/0123456789/servo', '2025-01-11 19:34:37'),
(157, '0123456789', 'Actuator', '73', 'servo', 'luckyharvi/0123456789/servo', '2025-01-11 19:34:37'),
(158, '0123456789', 'Actuator', '75', 'servo', 'luckyharvi/0123456789/servo', '2025-01-11 19:34:37'),
(159, '0123456789', 'Actuator', '78', 'servo', 'luckyharvi/0123456789/servo', '2025-01-11 19:34:37'),
(160, '0123456789', 'Actuator', '80', 'servo', 'luckyharvi/0123456789/servo', '2025-01-11 19:34:37'),
(161, '0123456789', 'Actuator', '82', 'servo', 'luckyharvi/0123456789/servo', '2025-01-11 19:34:38'),
(162, '0123456789', 'Actuator', '84', 'servo', 'luckyharvi/0123456789/servo', '2025-01-11 19:34:38'),
(163, '0123456789', 'Actuator', '51', 'servo', 'luckyharvi/0123456789/servo', '2025-01-11 19:34:38'),
(164, '0123456789', 'Actuator', '54', 'servo', 'luckyharvi/0123456789/servo', '2025-01-11 19:34:38'),
(165, '0123456789', 'Actuator', '60', 'servo', 'luckyharvi/0123456789/servo', '2025-01-11 19:34:39'),
(166, '0123456789', 'Actuator', '64', 'servo', 'luckyharvi/0123456789/servo', '2025-01-11 19:34:39'),
(167, '0123456789', 'Actuator', '67', 'servo', 'luckyharvi/0123456789/servo', '2025-01-11 19:34:39'),
(168, '0123456789', 'Actuator', '70', 'servo', 'luckyharvi/0123456789/servo', '2025-01-11 19:34:39'),
(169, '0123456789', 'Actuator', '73', 'servo', 'luckyharvi/0123456789/servo', '2025-01-11 19:34:39'),
(170, '0123456789', 'Actuator', '75', 'servo', 'luckyharvi/0123456789/servo', '2025-01-11 19:34:40'),
(171, '0123456789', 'Actuator', '78', 'servo', 'luckyharvi/0123456789/servo', '2025-01-11 19:34:40'),
(172, '0123456789', 'Actuator', '80', 'servo', 'luckyharvi/0123456789/servo', '2025-01-11 19:34:40'),
(173, '0123456789', 'Actuator', '82', 'servo', 'luckyharvi/0123456789/servo', '2025-01-11 19:34:40'),
(174, '0123456789', 'Actuator', '84', 'servo', 'luckyharvi/0123456789/servo', '2025-01-11 19:34:40'),
(175, '0123456789', 'Actuator', '51', 'servo', 'luckyharvi/0123456789/servo', '2025-01-11 19:34:41'),
(176, '0123456789', 'Actuator', '54', 'servo', 'luckyharvi/0123456789/servo', '2025-01-11 19:34:41'),
(177, '0123456789', 'Actuator', '60', 'servo', 'luckyharvi/0123456789/servo', '2025-01-11 19:34:41'),
(178, '0123456789', 'Actuator', '64', 'servo', 'luckyharvi/0123456789/servo', '2025-01-11 19:34:41'),
(179, '0123456789', 'Actuator', '67', 'servo', 'luckyharvi/0123456789/servo', '2025-01-11 19:34:41'),
(180, '0123456789', 'Actuator', '70', 'servo', 'luckyharvi/0123456789/servo', '2025-01-11 19:34:42'),
(181, '0123456789', 'Actuator', '73', 'servo', 'luckyharvi/0123456789/servo', '2025-01-11 19:34:42'),
(182, '0123456789', 'Actuator', '75', 'servo', 'luckyharvi/0123456789/servo', '2025-01-11 19:34:42'),
(183, '0123456789', 'Actuator', '78', 'servo', 'luckyharvi/0123456789/servo', '2025-01-11 19:34:42'),
(184, '0123456789', 'Actuator', '80', 'servo', 'luckyharvi/0123456789/servo', '2025-01-11 19:34:42'),
(185, '0123456789', 'Actuator', '82', 'servo', 'luckyharvi/0123456789/servo', '2025-01-11 19:34:43'),
(186, '0123456789', 'Actuator', '84', 'servo', 'luckyharvi/0123456789/servo', '2025-01-11 19:34:43'),
(187, '0123456789', 'Actuator', '51', 'servo', 'luckyharvi/0123456789/servo', '2025-01-11 19:34:43'),
(188, '0123456789', 'Actuator', '54', 'servo', 'luckyharvi/0123456789/servo', '2025-01-11 19:34:43'),
(189, '0123456789', 'Actuator', '60', 'servo', 'luckyharvi/0123456789/servo', '2025-01-11 19:34:44'),
(190, '0123456789', 'Actuator', '64', 'servo', 'luckyharvi/0123456789/servo', '2025-01-11 19:34:44'),
(191, '0123456789', 'Actuator', '67', 'servo', 'luckyharvi/0123456789/servo', '2025-01-11 19:34:44'),
(192, '0123456789', 'Actuator', '70', 'servo', 'luckyharvi/0123456789/servo', '2025-01-11 19:34:44'),
(193, '0123456789', 'Actuator', '73', 'servo', 'luckyharvi/0123456789/servo', '2025-01-11 19:34:45'),
(194, '0123456789', 'Actuator', '75', 'servo', 'luckyharvi/0123456789/servo', '2025-01-11 19:34:45'),
(195, '0123456789', 'Actuator', '78', 'servo', 'luckyharvi/0123456789/servo', '2025-01-11 19:34:45'),
(196, '0123456789', 'Actuator', '80', 'servo', 'luckyharvi/0123456789/servo', '2025-01-11 19:34:45'),
(197, '0123456789', 'Actuator', '82', 'servo', 'luckyharvi/0123456789/servo', '2025-01-11 19:34:45'),
(198, '0123456789', 'Actuator', '84', 'servo', 'luckyharvi/0123456789/servo', '2025-01-11 19:34:46'),
(199, '0123456789', 'Actuator', '51', 'servo', 'luckyharvi/0123456789/servo', '2025-01-11 19:34:46'),
(200, '0123456789', 'Actuator', '54', 'servo', 'luckyharvi/0123456789/servo', '2025-01-11 19:34:46'),
(201, '0123456789', 'Actuator', '60', 'servo', 'luckyharvi/0123456789/servo', '2025-01-11 19:34:46'),
(202, '0123456789', 'Actuator', '60', 'servo', 'luckyharvi/0123456789/servo', '2025-01-11 19:34:46'),
(204, '0123456789', 'Actuator', '107', 'servo', 'luckyharvi/0123456789/servo', '2025-01-11 19:34:47'),
(205, '0123456789', 'Sensor', '15.20', 'suhu', 'luckyharvi/0123456789/suhu', '2025-01-11 19:34:47'),
(206, '0123456789', 'Sensor', '67.50', 'kelembapan', 'luckyharvi/0123456789/kelembapan', '2025-01-11 19:34:47'),
(207, '0123456789', 'Sensor', '15.20', 'suhu', 'luckyharvi/0123456789/suhu', '2025-01-11 19:34:48'),
(208, '0123456789', 'Sensor', '67.50', 'kelembapan', 'luckyharvi/0123456789/kelembapan', '2025-01-11 19:34:48'),
(209, '0123456789', 'Sensor', '15.20', 'suhu', 'luckyharvi/0123456789/suhu', '2025-01-11 19:35:01'),
(210, '0123456789', 'Sensor', '67.50', 'kelembapan', 'luckyharvi/0123456789/kelembapan', '2025-01-11 19:35:03'),
(211, '0123456789', 'Sensor', '15.20', 'suhu', 'luckyharvi/0123456789/suhu', '2025-01-11 19:35:17'),
(212, '0123456789', 'Sensor', '67.50', 'kelembapan', 'luckyharvi/0123456789/kelembapan', '2025-01-11 19:35:18'),
(213, '0123456789', 'Actuator', '103', 'servo', 'luckyharvi/0123456789/servo', '2025-01-11 19:35:32'),
(214, '0123456789', 'Actuator', '99', 'servo', 'luckyharvi/0123456789/servo', '2025-01-11 19:35:32'),
(215, '0123456789', 'Actuator', '96', 'servo', 'luckyharvi/0123456789/servo', '2025-01-11 19:35:33'),
(216, '0123456789', 'Actuator', '94', 'servo', 'luckyharvi/0123456789/servo', '2025-01-11 19:35:33'),
(217, '0123456789', 'Actuator', '93', 'servo', 'luckyharvi/0123456789/servo', '2025-01-11 19:35:33'),
(218, '0123456789', 'Actuator', '91', 'servo', 'luckyharvi/0123456789/servo', '2025-01-11 19:35:33'),
(219, '0123456789', 'Actuator', '90', 'servo', 'luckyharvi/0123456789/servo', '2025-01-11 19:35:33'),
(220, '0123456789', 'Actuator', '88', 'servo', 'luckyharvi/0123456789/servo', '2025-01-11 19:35:34'),
(221, '0123456789', 'Actuator', '87', 'servo', 'luckyharvi/0123456789/servo', '2025-01-11 19:35:34'),
(222, '0123456789', 'Actuator', '85', 'servo', 'luckyharvi/0123456789/servo', '2025-01-11 19:35:34'),
(223, '0123456789', 'Actuator', '83', 'servo', 'luckyharvi/0123456789/servo', '2025-01-11 19:35:34'),
(224, '0123456789', 'Actuator', '82', 'servo', 'luckyharvi/0123456789/servo', '2025-01-11 19:35:35'),
(225, '0123456789', 'Actuator', '103', 'servo', 'luckyharvi/0123456789/servo', '2025-01-11 19:35:35'),
(226, '0123456789', 'Actuator', '99', 'servo', 'luckyharvi/0123456789/servo', '2025-01-11 19:35:35'),
(227, '0123456789', 'Actuator', '96', 'servo', 'luckyharvi/0123456789/servo', '2025-01-11 19:35:35'),
(228, '0123456789', 'Actuator', '94', 'servo', 'luckyharvi/0123456789/servo', '2025-01-11 19:35:35'),
(229, '0123456789', 'Actuator', '93', 'servo', 'luckyharvi/0123456789/servo', '2025-01-11 19:35:36'),
(230, '0123456789', 'Actuator', '91', 'servo', 'luckyharvi/0123456789/servo', '2025-01-11 19:35:36'),
(231, '0123456789', 'Actuator', '90', 'servo', 'luckyharvi/0123456789/servo', '2025-01-11 19:35:36'),
(232, '0123456789', 'Actuator', '88', 'servo', 'luckyharvi/0123456789/servo', '2025-01-11 19:35:36'),
(233, '0123456789', 'Actuator', '87', 'servo', 'luckyharvi/0123456789/servo', '2025-01-11 19:35:36'),
(234, '0123456789', 'Actuator', '85', 'servo', 'luckyharvi/0123456789/servo', '2025-01-11 19:35:37'),
(235, '0123456789', 'Actuator', '83', 'servo', 'luckyharvi/0123456789/servo', '2025-01-11 19:35:37'),
(236, '0123456789', 'Actuator', '82', 'servo', 'luckyharvi/0123456789/servo', '2025-01-11 19:35:37'),
(237, '0123456789', 'Actuator', '103', 'servo', 'luckyharvi/0123456789/servo', '2025-01-11 19:35:37'),
(238, '0123456789', 'Actuator', '99', 'servo', 'luckyharvi/0123456789/servo', '2025-01-11 19:35:38'),
(239, '0123456789', 'Actuator', '96', 'servo', 'luckyharvi/0123456789/servo', '2025-01-11 19:35:38'),
(240, '0123456789', 'Actuator', '94', 'servo', 'luckyharvi/0123456789/servo', '2025-01-11 19:35:38'),
(241, '0123456789', 'Actuator', '93', 'servo', 'luckyharvi/0123456789/servo', '2025-01-11 19:35:38'),
(242, '0123456789', 'Actuator', '91', 'servo', 'luckyharvi/0123456789/servo', '2025-01-11 19:35:38'),
(243, '0123456789', 'Actuator', '90', 'servo', 'luckyharvi/0123456789/servo', '2025-01-11 19:35:39'),
(244, '0123456789', 'Actuator', '88', 'servo', 'luckyharvi/0123456789/servo', '2025-01-11 19:35:39'),
(245, '0123456789', 'Actuator', '87', 'servo', 'luckyharvi/0123456789/servo', '2025-01-11 19:35:39'),
(246, '0123456789', 'Actuator', '85', 'servo', 'luckyharvi/0123456789/servo', '2025-01-11 19:35:39'),
(247, '0123456789', 'Actuator', '83', 'servo', 'luckyharvi/0123456789/servo', '2025-01-11 19:35:39'),
(248, '0123456789', 'Actuator', '82', 'servo', 'luckyharvi/0123456789/servo', '2025-01-11 19:35:40'),
(249, '0123456789', 'Actuator', '103', 'servo', 'luckyharvi/0123456789/servo', '2025-01-11 19:35:40'),
(250, '0123456789', 'Actuator', '99', 'servo', 'luckyharvi/0123456789/servo', '2025-01-11 19:35:40'),
(251, '0123456789', 'Actuator', '96', 'servo', 'luckyharvi/0123456789/servo', '2025-01-11 19:35:40'),
(252, '0123456789', 'Actuator', '94', 'servo', 'luckyharvi/0123456789/servo', '2025-01-11 19:35:40'),
(253, '0123456789', 'Actuator', '93', 'servo', 'luckyharvi/0123456789/servo', '2025-01-11 19:35:41'),
(254, '0123456789', 'Actuator', '91', 'servo', 'luckyharvi/0123456789/servo', '2025-01-11 19:35:41'),
(255, '0123456789', 'Actuator', '90', 'servo', 'luckyharvi/0123456789/servo', '2025-01-11 19:35:41'),
(256, '0123456789', 'Actuator', '88', 'servo', 'luckyharvi/0123456789/servo', '2025-01-11 19:35:41'),
(257, '0123456789', 'Actuator', '87', 'servo', 'luckyharvi/0123456789/servo', '2025-01-11 19:35:41'),
(258, '0123456789', 'Actuator', '85', 'servo', 'luckyharvi/0123456789/servo', '2025-01-11 19:35:42'),
(259, '0123456789', 'Actuator', '83', 'servo', 'luckyharvi/0123456789/servo', '2025-01-11 19:35:42'),
(260, '0123456789', 'Actuator', '82', 'servo', 'luckyharvi/0123456789/servo', '2025-01-11 19:35:42'),
(261, '0123456789', 'Actuator', '103', 'servo', 'luckyharvi/0123456789/servo', '2025-01-11 19:35:42'),
(262, '0123456789', 'Actuator', '99', 'servo', 'luckyharvi/0123456789/servo', '2025-01-11 19:35:42'),
(263, '0123456789', 'Actuator', '96', 'servo', 'luckyharvi/0123456789/servo', '2025-01-11 19:35:43'),
(264, '0123456789', 'Actuator', '94', 'servo', 'luckyharvi/0123456789/servo', '2025-01-11 19:35:43'),
(265, '0123456789', 'Actuator', '93', 'servo', 'luckyharvi/0123456789/servo', '2025-01-11 19:35:43'),
(266, '0123456789', 'Actuator', '91', 'servo', 'luckyharvi/0123456789/servo', '2025-01-11 19:35:43'),
(267, '0123456789', 'Actuator', '90', 'servo', 'luckyharvi/0123456789/servo', '2025-01-11 19:35:43'),
(268, '0123456789', 'Actuator', '88', 'servo', 'luckyharvi/0123456789/servo', '2025-01-11 19:35:44'),
(269, '0123456789', 'Actuator', '87', 'servo', 'luckyharvi/0123456789/servo', '2025-01-11 19:35:44'),
(270, '0123456789', 'Actuator', '85', 'servo', 'luckyharvi/0123456789/servo', '2025-01-11 19:35:44'),
(271, '0123456789', 'Actuator', '83', 'servo', 'luckyharvi/0123456789/servo', '2025-01-11 19:35:44'),
(272, '0123456789', 'Actuator', '82', 'servo', 'luckyharvi/0123456789/servo', '2025-01-11 19:35:45'),
(273, '0123456789', 'Actuator', '103', 'servo', 'luckyharvi/0123456789/servo', '2025-01-11 19:35:45'),
(274, '0123456789', 'Actuator', '99', 'servo', 'luckyharvi/0123456789/servo', '2025-01-11 19:35:45'),
(275, '0123456789', 'Actuator', '96', 'servo', 'luckyharvi/0123456789/servo', '2025-01-11 19:35:45'),
(276, '0123456789', 'Actuator', '94', 'servo', 'luckyharvi/0123456789/servo', '2025-01-11 19:35:45'),
(277, '0123456789', 'Actuator', '93', 'servo', 'luckyharvi/0123456789/servo', '2025-01-11 19:35:46'),
(278, '0123456789', 'Actuator', '91', 'servo', 'luckyharvi/0123456789/servo', '2025-01-11 19:35:46'),
(279, '0123456789', 'Actuator', '90', 'servo', 'luckyharvi/0123456789/servo', '2025-01-11 19:35:46'),
(280, '0123456789', 'Actuator', '88', 'servo', 'luckyharvi/0123456789/servo', '2025-01-11 19:35:46'),
(281, '0123456789', 'Actuator', '87', 'servo', 'luckyharvi/0123456789/servo', '2025-01-11 19:35:46'),
(282, '0123456789', 'Actuator', '85', 'servo', 'luckyharvi/0123456789/servo', '2025-01-11 19:35:47'),
(283, '0123456789', 'Actuator', '83', 'servo', 'luckyharvi/0123456789/servo', '2025-01-11 19:35:47'),
(284, '0123456789', 'Actuator', '82', 'servo', 'luckyharvi/0123456789/servo', '2025-01-11 19:35:47'),
(285, '0123456789', 'Actuator', '103', 'servo', 'luckyharvi/0123456789/servo', '2025-01-11 19:35:47'),
(286, '0123456789', 'Actuator', '99', 'servo', 'luckyharvi/0123456789/servo', '2025-01-11 19:35:48'),
(287, '0123456789', 'Actuator', '96', 'servo', 'luckyharvi/0123456789/servo', '2025-01-11 19:35:48'),
(288, '0123456789', 'Actuator', '94', 'servo', 'luckyharvi/0123456789/servo', '2025-01-11 19:35:48'),
(289, '0123456789', 'Actuator', '93', 'servo', 'luckyharvi/0123456789/servo', '2025-01-11 19:35:48'),
(290, '0123456789', 'Actuator', '91', 'servo', 'luckyharvi/0123456789/servo', '2025-01-11 19:35:48'),
(291, '0123456789', 'Actuator', '90', 'servo', 'luckyharvi/0123456789/servo', '2025-01-11 19:35:49'),
(292, '0123456789', 'Actuator', '88', 'servo', 'luckyharvi/0123456789/servo', '2025-01-11 19:35:49'),
(293, '0123456789', 'Actuator', '87', 'servo', 'luckyharvi/0123456789/servo', '2025-01-11 19:35:49'),
(294, '0123456789', 'Actuator', '85', 'servo', 'luckyharvi/0123456789/servo', '2025-01-11 19:35:49'),
(295, '0123456789', 'Actuator', '83', 'servo', 'luckyharvi/0123456789/servo', '2025-01-11 19:35:49'),
(296, '0123456789', 'Actuator', '82', 'servo', 'luckyharvi/0123456789/servo', '2025-01-11 19:35:50'),
(297, '0123456789', 'Actuator', '103', 'servo', 'luckyharvi/0123456789/servo', '2025-01-11 19:35:50'),
(298, '0123456789', 'Actuator', '99', 'servo', 'luckyharvi/0123456789/servo', '2025-01-11 19:35:50'),
(299, '0123456789', 'Actuator', '96', 'servo', 'luckyharvi/0123456789/servo', '2025-01-11 19:35:50'),
(300, '0123456789', 'Actuator', '94', 'servo', 'luckyharvi/0123456789/servo', '2025-01-11 19:35:50'),
(301, '0123456789', 'Actuator', '93', 'servo', 'luckyharvi/0123456789/servo', '2025-01-11 19:35:51'),
(302, '0123456789', 'Actuator', '91', 'servo', 'luckyharvi/0123456789/servo', '2025-01-11 19:35:51'),
(303, '0123456789', 'Actuator', '90', 'servo', 'luckyharvi/0123456789/servo', '2025-01-11 19:35:51'),
(304, '0123456789', 'Actuator', '88', 'servo', 'luckyharvi/0123456789/servo', '2025-01-11 19:35:51'),
(305, '0123456789', 'Actuator', '87', 'servo', 'luckyharvi/0123456789/servo', '2025-01-11 19:35:52'),
(306, '0123456789', 'Actuator', '85', 'servo', 'luckyharvi/0123456789/servo', '2025-01-11 19:35:52'),
(307, '0123456789', 'Actuator', '83', 'servo', 'luckyharvi/0123456789/servo', '2025-01-11 19:35:52'),
(308, '0123456789', 'Actuator', '82', 'servo', 'luckyharvi/0123456789/servo', '2025-01-11 19:35:52'),
(309, '0123456789', 'Actuator', '103', 'servo', 'luckyharvi/0123456789/servo', '2025-01-11 19:35:52'),
(310, '0123456789', 'Actuator', '99', 'servo', 'luckyharvi/0123456789/servo', '2025-01-11 19:35:53'),
(311, '0123456789', 'Actuator', '96', 'servo', 'luckyharvi/0123456789/servo', '2025-01-11 19:35:53'),
(312, '0123456789', 'Actuator', '94', 'servo', 'luckyharvi/0123456789/servo', '2025-01-11 19:35:53'),
(313, '0123456789', 'Actuator', '93', 'servo', 'luckyharvi/0123456789/servo', '2025-01-11 19:35:53'),
(314, '0123456789', 'Actuator', '91', 'servo', 'luckyharvi/0123456789/servo', '2025-01-11 19:35:54'),
(315, '0123456789', 'Actuator', '90', 'servo', 'luckyharvi/0123456789/servo', '2025-01-11 19:35:54'),
(316, '0123456789', 'Actuator', '88', 'servo', 'luckyharvi/0123456789/servo', '2025-01-11 19:35:54'),
(317, '0123456789', 'Actuator', '87', 'servo', 'luckyharvi/0123456789/servo', '2025-01-11 19:35:54'),
(318, '0123456789', 'Actuator', '85', 'servo', 'luckyharvi/0123456789/servo', '2025-01-11 19:35:54'),
(319, '0123456789', 'Actuator', '83', 'servo', 'luckyharvi/0123456789/servo', '2025-01-11 19:35:55'),
(320, '0123456789', 'Actuator', '82', 'servo', 'luckyharvi/0123456789/servo', '2025-01-11 19:35:55'),
(321, '0123456789', 'Actuator', '103', 'servo', 'luckyharvi/0123456789/servo', '2025-01-11 19:35:55'),
(322, '0123456789', 'Actuator', '99', 'servo', 'luckyharvi/0123456789/servo', '2025-01-11 19:35:55'),
(323, '0123456789', 'Actuator', '96', 'servo', 'luckyharvi/0123456789/servo', '2025-01-11 19:35:56'),
(324, '0123456789', 'Actuator', '94', 'servo', 'luckyharvi/0123456789/servo', '2025-01-11 19:35:56'),
(325, '0123456789', 'Actuator', '93', 'servo', 'luckyharvi/0123456789/servo', '2025-01-11 19:35:56'),
(326, '0123456789', 'Actuator', '91', 'servo', 'luckyharvi/0123456789/servo', '2025-01-11 19:35:56'),
(327, '0123456789', 'Actuator', '90', 'servo', 'luckyharvi/0123456789/servo', '2025-01-11 19:35:56'),
(328, '0123456789', 'Actuator', '88', 'servo', 'luckyharvi/0123456789/servo', '2025-01-11 19:35:57'),
(329, '0123456789', 'Actuator', '87', 'servo', 'luckyharvi/0123456789/servo', '2025-01-11 19:35:57'),
(330, '0123456789', 'Actuator', '85', 'servo', 'luckyharvi/0123456789/servo', '2025-01-11 19:35:57'),
(331, '0123456789', 'Actuator', '83', 'servo', 'luckyharvi/0123456789/servo', '2025-01-11 19:35:57'),
(332, '0123456789', 'Actuator', '82', 'servo', 'luckyharvi/0123456789/servo', '2025-01-11 19:35:57'),
(333, '0123456789', 'Actuator', '103', 'servo', 'luckyharvi/0123456789/servo', '2025-01-11 19:35:58'),
(334, '0123456789', 'Actuator', '99', 'servo', 'luckyharvi/0123456789/servo', '2025-01-11 19:35:58'),
(335, '0123456789', 'Actuator', '96', 'servo', 'luckyharvi/0123456789/servo', '2025-01-11 19:35:58'),
(336, '0123456789', 'Actuator', '94', 'servo', 'luckyharvi/0123456789/servo', '2025-01-11 19:35:58'),
(337, '0123456789', 'Actuator', '93', 'servo', 'luckyharvi/0123456789/servo', '2025-01-11 19:35:58'),
(338, '0123456789', 'Actuator', '91', 'servo', 'luckyharvi/0123456789/servo', '2025-01-11 19:35:59'),
(339, '0123456789', 'Actuator', '90', 'servo', 'luckyharvi/0123456789/servo', '2025-01-11 19:35:59'),
(340, '0123456789', 'Actuator', '88', 'servo', 'luckyharvi/0123456789/servo', '2025-01-11 19:35:59'),
(341, '0123456789', 'Actuator', '87', 'servo', 'luckyharvi/0123456789/servo', '2025-01-11 19:35:59'),
(342, '0123456789', 'Actuator', '85', 'servo', 'luckyharvi/0123456789/servo', '2025-01-11 19:35:59'),
(343, '0123456789', 'Actuator', '83', 'servo', 'luckyharvi/0123456789/servo', '2025-01-11 19:36:00'),
(344, '0123456789', 'Actuator', '82', 'servo', 'luckyharvi/0123456789/servo', '2025-01-11 19:36:00'),
(345, '0123456789', 'Actuator', '103', 'servo', 'luckyharvi/0123456789/servo', '2025-01-11 19:36:00'),
(346, '0123456789', 'Actuator', '99', 'servo', 'luckyharvi/0123456789/servo', '2025-01-11 19:36:00'),
(348, '0123456789', 'Actuator', '96', 'servo', 'luckyharvi/0123456789/servo', '2025-01-11 19:36:01'),
(349, '0123456789', 'Actuator', '94', 'servo', 'luckyharvi/0123456789/servo', '2025-01-11 19:36:01'),
(350, '0123456789', 'Actuator', '93', 'servo', 'luckyharvi/0123456789/servo', '2025-01-11 19:36:01'),
(351, '0123456789', 'Actuator', '91', 'servo', 'luckyharvi/0123456789/servo', '2025-01-11 19:36:01'),
(352, '0123456789', 'Actuator', '90', 'servo', 'luckyharvi/0123456789/servo', '2025-01-11 19:36:02'),
(353, '0123456789', 'Actuator', '88', 'servo', 'luckyharvi/0123456789/servo', '2025-01-11 19:36:02'),
(354, '0123456789', 'Actuator', '87', 'servo', 'luckyharvi/0123456789/servo', '2025-01-11 19:36:02'),
(355, '0123456789', 'Actuator', '85', 'servo', 'luckyharvi/0123456789/servo', '2025-01-11 19:36:02'),
(356, '0123456789', 'Actuator', '83', 'servo', 'luckyharvi/0123456789/servo', '2025-01-11 19:36:02'),
(357, '0123456789', 'Actuator', '82', 'servo', 'luckyharvi/0123456789/servo', '2025-01-11 19:36:03'),
(358, '0123456789', 'Actuator', '103', 'servo', 'luckyharvi/0123456789/servo', '2025-01-11 19:36:03'),
(359, '0123456789', 'Actuator', '99', 'servo', 'luckyharvi/0123456789/servo', '2025-01-11 19:36:03'),
(360, '0123456789', 'Actuator', '96', 'servo', 'luckyharvi/0123456789/servo', '2025-01-11 19:36:03'),
(361, '0123456789', 'Actuator', '94', 'servo', 'luckyharvi/0123456789/servo', '2025-01-11 19:36:03'),
(362, '0123456789', 'Actuator', '93', 'servo', 'luckyharvi/0123456789/servo', '2025-01-11 19:36:04'),
(363, '0123456789', 'Actuator', '91', 'servo', 'luckyharvi/0123456789/servo', '2025-01-11 19:36:04'),
(364, '0123456789', 'Actuator', '90', 'servo', 'luckyharvi/0123456789/servo', '2025-01-11 19:36:04'),
(365, '0123456789', 'Actuator', '88', 'servo', 'luckyharvi/0123456789/servo', '2025-01-11 19:36:04'),
(366, '0123456789', 'Actuator', '87', 'servo', 'luckyharvi/0123456789/servo', '2025-01-11 19:36:04'),
(367, '0123456789', 'Actuator', '85', 'servo', 'luckyharvi/0123456789/servo', '2025-01-11 19:36:05'),
(368, '0123456789', 'Actuator', '83', 'servo', 'luckyharvi/0123456789/servo', '2025-01-11 19:36:05'),
(369, '0123456789', 'Actuator', '82', 'servo', 'luckyharvi/0123456789/servo', '2025-01-11 19:36:05'),
(370, '0123456789', 'Actuator', '103', 'servo', 'luckyharvi/0123456789/servo', '2025-01-11 19:36:05'),
(371, '0123456789', 'Actuator', '99', 'servo', 'luckyharvi/0123456789/servo', '2025-01-11 19:36:06'),
(372, '0123456789', 'Actuator', '96', 'servo', 'luckyharvi/0123456789/servo', '2025-01-11 19:36:06'),
(373, '0123456789', 'Actuator', '94', 'servo', 'luckyharvi/0123456789/servo', '2025-01-11 19:36:06'),
(374, '0123456789', 'Actuator', '93', 'servo', 'luckyharvi/0123456789/servo', '2025-01-11 19:36:06'),
(375, '0123456789', 'Actuator', '91', 'servo', 'luckyharvi/0123456789/servo', '2025-01-11 19:36:06'),
(376, '0123456789', 'Actuator', '90', 'servo', 'luckyharvi/0123456789/servo', '2025-01-11 19:36:07'),
(377, '0123456789', 'Actuator', '88', 'servo', 'luckyharvi/0123456789/servo', '2025-01-11 19:36:07'),
(378, '0123456789', 'Actuator', '87', 'servo', 'luckyharvi/0123456789/servo', '2025-01-11 19:36:07'),
(379, '0123456789', 'Actuator', '85', 'servo', 'luckyharvi/0123456789/servo', '2025-01-11 19:36:07'),
(380, '0123456789', 'Actuator', '83', 'servo', 'luckyharvi/0123456789/servo', '2025-01-11 19:36:07'),
(381, '0123456789', 'Actuator', '82', 'servo', 'luckyharvi/0123456789/servo', '2025-01-11 19:36:08'),
(382, '0123456789', 'Actuator', '103', 'servo', 'luckyharvi/0123456789/servo', '2025-01-11 19:36:08'),
(383, '0123456789', 'Actuator', '99', 'servo', 'luckyharvi/0123456789/servo', '2025-01-11 19:36:08'),
(384, '0123456789', 'Actuator', '96', 'servo', 'luckyharvi/0123456789/servo', '2025-01-11 19:36:08'),
(385, '0123456789', 'Actuator', '94', 'servo', 'luckyharvi/0123456789/servo', '2025-01-11 19:36:09'),
(386, '0123456789', 'Actuator', '93', 'servo', 'luckyharvi/0123456789/servo', '2025-01-11 19:36:09'),
(387, '0123456789', 'Actuator', '91', 'servo', 'luckyharvi/0123456789/servo', '2025-01-11 19:36:09'),
(388, '0123456789', 'Actuator', '90', 'servo', 'luckyharvi/0123456789/servo', '2025-01-11 19:36:09'),
(389, '0123456789', 'Actuator', '88', 'servo', 'luckyharvi/0123456789/servo', '2025-01-11 19:36:09'),
(390, '0123456789', 'Actuator', '87', 'servo', 'luckyharvi/0123456789/servo', '2025-01-11 19:36:10'),
(391, '0123456789', 'Actuator', '85', 'servo', 'luckyharvi/0123456789/servo', '2025-01-11 19:36:10'),
(392, '0123456789', 'Actuator', '83', 'servo', 'luckyharvi/0123456789/servo', '2025-01-11 19:36:10'),
(393, '0123456789', 'Actuator', '82', 'servo', 'luckyharvi/0123456789/servo', '2025-01-11 19:36:10'),
(394, '0123456789', 'Actuator', '103', 'servo', 'luckyharvi/0123456789/servo', '2025-01-11 19:36:10'),
(395, '0123456789', 'Actuator', '99', 'servo', 'luckyharvi/0123456789/servo', '2025-01-11 19:36:11'),
(396, '0123456789', 'Actuator', '96', 'servo', 'luckyharvi/0123456789/servo', '2025-01-11 19:36:11'),
(397, '0123456789', 'Actuator', '94', 'servo', 'luckyharvi/0123456789/servo', '2025-01-11 19:36:11'),
(398, '0123456789', 'Actuator', '93', 'servo', 'luckyharvi/0123456789/servo', '2025-01-11 19:36:11'),
(399, '0123456789', 'Actuator', '91', 'servo', 'luckyharvi/0123456789/servo', '2025-01-11 19:36:12'),
(400, '0123456789', 'Actuator', '90', 'servo', 'luckyharvi/0123456789/servo', '2025-01-11 19:36:12'),
(401, '0123456789', 'Actuator', '88', 'servo', 'luckyharvi/0123456789/servo', '2025-01-11 19:36:12'),
(402, '0123456789', 'Actuator', '87', 'servo', 'luckyharvi/0123456789/servo', '2025-01-11 19:36:12'),
(403, '0123456789', 'Actuator', '85', 'servo', 'luckyharvi/0123456789/servo', '2025-01-11 19:36:12'),
(404, '0123456789', 'Actuator', '83', 'servo', 'luckyharvi/0123456789/servo', '2025-01-11 19:36:13'),
(405, '0123456789', 'Actuator', '82', 'servo', 'luckyharvi/0123456789/servo', '2025-01-11 19:36:13'),
(406, '0123456789', 'Actuator', '103', 'servo', 'luckyharvi/0123456789/servo', '2025-01-11 19:36:13'),
(407, '0123456789', 'Actuator', '99', 'servo', 'luckyharvi/0123456789/servo', '2025-01-11 19:36:13'),
(408, '0123456789', 'Actuator', '96', 'servo', 'luckyharvi/0123456789/servo', '2025-01-11 19:36:13'),
(409, '0123456789', 'Actuator', '94', 'servo', 'luckyharvi/0123456789/servo', '2025-01-11 19:36:14'),
(410, '0123456789', 'Actuator', '93', 'servo', 'luckyharvi/0123456789/servo', '2025-01-11 19:36:14'),
(411, '0123456789', 'Actuator', '91', 'servo', 'luckyharvi/0123456789/servo', '2025-01-11 19:36:14'),
(412, '0123456789', 'Actuator', '90', 'servo', 'luckyharvi/0123456789/servo', '2025-01-11 19:36:14'),
(413, '0123456789', 'Actuator', '88', 'servo', 'luckyharvi/0123456789/servo', '2025-01-11 19:36:15'),
(414, '0123456789', 'Actuator', '87', 'servo', 'luckyharvi/0123456789/servo', '2025-01-11 19:36:15'),
(415, '0123456789', 'Actuator', '85', 'servo', 'luckyharvi/0123456789/servo', '2025-01-11 19:36:15'),
(416, '0123456789', 'Actuator', '83', 'servo', 'luckyharvi/0123456789/servo', '2025-01-11 19:36:15'),
(417, '0123456789', 'Actuator', '82', 'servo', 'luckyharvi/0123456789/servo', '2025-01-11 19:36:16'),
(418, '0123456789', 'Actuator', '103', 'servo', 'luckyharvi/0123456789/servo', '2025-01-11 19:36:16'),
(419, '0123456789', 'Actuator', '99', 'servo', 'luckyharvi/0123456789/servo', '2025-01-11 19:36:16'),
(420, '0123456789', 'Actuator', '96', 'servo', 'luckyharvi/0123456789/servo', '2025-01-11 19:36:16'),
(421, '0123456789', 'Actuator', '94', 'servo', 'luckyharvi/0123456789/servo', '2025-01-11 19:36:16'),
(422, '0123456789', 'Actuator', '93', 'servo', 'luckyharvi/0123456789/servo', '2025-01-11 19:36:17'),
(423, '0123456789', 'Actuator', '91', 'servo', 'luckyharvi/0123456789/servo', '2025-01-11 19:36:17'),
(424, '0123456789', 'Actuator', '90', 'servo', 'luckyharvi/0123456789/servo', '2025-01-11 19:36:17'),
(425, '0123456789', 'Actuator', '88', 'servo', 'luckyharvi/0123456789/servo', '2025-01-11 19:36:17'),
(426, '0123456789', 'Actuator', '87', 'servo', 'luckyharvi/0123456789/servo', '2025-01-11 19:36:17'),
(427, '0123456789', 'Actuator', '85', 'servo', 'luckyharvi/0123456789/servo', '2025-01-11 19:36:18'),
(428, '0123456789', 'Actuator', '83', 'servo', 'luckyharvi/0123456789/servo', '2025-01-11 19:36:18'),
(429, '0123456789', 'Actuator', '82', 'servo', 'luckyharvi/0123456789/servo', '2025-01-11 19:36:18'),
(430, '0123456789', 'Actuator', '103', 'servo', 'luckyharvi/0123456789/servo', '2025-01-11 19:36:18'),
(431, '0123456789', 'Actuator', '99', 'servo', 'luckyharvi/0123456789/servo', '2025-01-11 19:36:19'),
(432, '0123456789', 'Actuator', '96', 'servo', 'luckyharvi/0123456789/servo', '2025-01-11 19:36:19'),
(433, '0123456789', 'Actuator', '94', 'servo', 'luckyharvi/0123456789/servo', '2025-01-11 19:36:19'),
(434, '0123456789', 'Actuator', '93', 'servo', 'luckyharvi/0123456789/servo', '2025-01-11 19:36:19'),
(435, '0123456789', 'Actuator', '91', 'servo', 'luckyharvi/0123456789/servo', '2025-01-11 19:36:19'),
(436, '0123456789', 'Actuator', '90', 'servo', 'luckyharvi/0123456789/servo', '2025-01-11 19:36:20'),
(437, '0123456789', 'Actuator', '88', 'servo', 'luckyharvi/0123456789/servo', '2025-01-11 19:36:20'),
(438, '0123456789', 'Actuator', '87', 'servo', 'luckyharvi/0123456789/servo', '2025-01-11 19:36:20'),
(439, '0123456789', 'Actuator', '85', 'servo', 'luckyharvi/0123456789/servo', '2025-01-11 19:36:20'),
(440, '0123456789', 'Actuator', '83', 'servo', 'luckyharvi/0123456789/servo', '2025-01-11 19:36:20'),
(441, '0123456789', 'Actuator', '82', 'servo', 'luckyharvi/0123456789/servo', '2025-01-11 19:36:21'),
(442, '0123456789', 'Actuator', '103', 'servo', 'luckyharvi/0123456789/servo', '2025-01-11 19:36:21'),
(443, '0123456789', 'Actuator', '99', 'servo', 'luckyharvi/0123456789/servo', '2025-01-11 19:36:21'),
(444, '0123456789', 'Actuator', '96', 'servo', 'luckyharvi/0123456789/servo', '2025-01-11 19:36:21'),
(445, '0123456789', 'Actuator', '94', 'servo', 'luckyharvi/0123456789/servo', '2025-01-11 19:36:21'),
(446, '0123456789', 'Actuator', '93', 'servo', 'luckyharvi/0123456789/servo', '2025-01-11 19:36:22'),
(447, '0123456789', 'Actuator', '91', 'servo', 'luckyharvi/0123456789/servo', '2025-01-11 19:36:22'),
(448, '0123456789', 'Actuator', '90', 'servo', 'luckyharvi/0123456789/servo', '2025-01-11 19:36:22'),
(449, '0123456789', 'Actuator', '88', 'servo', 'luckyharvi/0123456789/servo', '2025-01-11 19:36:22'),
(450, '0123456789', 'Actuator', '87', 'servo', 'luckyharvi/0123456789/servo', '2025-01-11 19:36:23'),
(451, '0123456789', 'Actuator', '85', 'servo', 'luckyharvi/0123456789/servo', '2025-01-11 19:36:23'),
(452, '0123456789', 'Actuator', '83', 'servo', 'luckyharvi/0123456789/servo', '2025-01-11 19:36:23'),
(453, '0123456789', 'Actuator', '82', 'servo', 'luckyharvi/0123456789/servo', '2025-01-11 19:36:23'),
(454, '0123456789', 'Actuator', '103', 'servo', 'luckyharvi/0123456789/servo', '2025-01-11 19:36:23'),
(455, '0123456789', 'Actuator', '99', 'servo', 'luckyharvi/0123456789/servo', '2025-01-11 19:36:24'),
(456, '0123456789', 'Actuator', '96', 'servo', 'luckyharvi/0123456789/servo', '2025-01-11 19:36:24'),
(457, '0123456789', 'Actuator', '94', 'servo', 'luckyharvi/0123456789/servo', '2025-01-11 19:36:24'),
(458, '0123456789', 'Actuator', '93', 'servo', 'luckyharvi/0123456789/servo', '2025-01-11 19:36:24'),
(459, '0123456789', 'Actuator', '91', 'servo', 'luckyharvi/0123456789/servo', '2025-01-11 19:36:24'),
(460, '0123456789', 'Actuator', '90', 'servo', 'luckyharvi/0123456789/servo', '2025-01-11 19:36:25'),
(461, '0123456789', 'Actuator', '88', 'servo', 'luckyharvi/0123456789/servo', '2025-01-11 19:36:25'),
(462, '0123456789', 'Actuator', '87', 'servo', 'luckyharvi/0123456789/servo', '2025-01-11 19:36:25'),
(463, '0123456789', 'Actuator', '85', 'servo', 'luckyharvi/0123456789/servo', '2025-01-11 19:36:25'),
(464, '0123456789', 'Actuator', '83', 'servo', 'luckyharvi/0123456789/servo', '2025-01-11 19:36:25'),
(465, '0123456789', 'Actuator', '82', 'servo', 'luckyharvi/0123456789/servo', '2025-01-11 19:36:26'),
(466, '0123456789', 'Actuator', '103', 'servo', 'luckyharvi/0123456789/servo', '2025-01-11 19:36:26'),
(467, '0123456789', 'Actuator', '99', 'servo', 'luckyharvi/0123456789/servo', '2025-01-11 19:36:26'),
(468, '0123456789', 'Actuator', '96', 'servo', 'luckyharvi/0123456789/servo', '2025-01-11 19:36:26'),
(469, '0123456789', 'Actuator', '94', 'servo', 'luckyharvi/0123456789/servo', '2025-01-11 19:36:26'),
(470, '0123456789', 'Actuator', '93', 'servo', 'luckyharvi/0123456789/servo', '2025-01-11 19:36:27'),
(471, '0123456789', 'Actuator', '91', 'servo', 'luckyharvi/0123456789/servo', '2025-01-11 19:36:27'),
(472, '0123456789', 'Actuator', '90', 'servo', 'luckyharvi/0123456789/servo', '2025-01-11 19:36:27'),
(473, '0123456789', 'Actuator', '88', 'servo', 'luckyharvi/0123456789/servo', '2025-01-11 19:36:27'),
(474, '0123456789', 'Actuator', '87', 'servo', 'luckyharvi/0123456789/servo', '2025-01-11 19:36:28'),
(475, '0123456789', 'Actuator', '85', 'servo', 'luckyharvi/0123456789/servo', '2025-01-11 19:36:28'),
(476, '0123456789', 'Actuator', '83', 'servo', 'luckyharvi/0123456789/servo', '2025-01-11 19:36:28'),
(477, '0123456789', 'Actuator', '82', 'servo', 'luckyharvi/0123456789/servo', '2025-01-11 19:36:28'),
(478, '0123456789', 'Actuator', '103', 'servo', 'luckyharvi/0123456789/servo', '2025-01-11 19:36:28'),
(479, '0123456789', 'Actuator', '99', 'servo', 'luckyharvi/0123456789/servo', '2025-01-11 19:36:29'),
(480, '0123456789', 'Actuator', '96', 'servo', 'luckyharvi/0123456789/servo', '2025-01-11 19:36:29'),
(481, '0123456789', 'Actuator', '94', 'servo', 'luckyharvi/0123456789/servo', '2025-01-11 19:36:29'),
(482, '0123456789', 'Actuator', '93', 'servo', 'luckyharvi/0123456789/servo', '2025-01-11 19:36:29'),
(483, '0123456789', 'Actuator', '91', 'servo', 'luckyharvi/0123456789/servo', '2025-01-11 19:36:30'),
(484, '0123456789', 'Actuator', '90', 'servo', 'luckyharvi/0123456789/servo', '2025-01-11 19:36:30'),
(485, '0123456789', 'Actuator', '88', 'servo', 'luckyharvi/0123456789/servo', '2025-01-11 19:36:30'),
(486, '0123456789', 'Actuator', '87', 'servo', 'luckyharvi/0123456789/servo', '2025-01-11 19:36:30'),
(487, '0123456789', 'Actuator', '85', 'servo', 'luckyharvi/0123456789/servo', '2025-01-11 19:36:30'),
(488, '0123456789', 'Actuator', '83', 'servo', 'luckyharvi/0123456789/servo', '2025-01-11 19:36:31'),
(489, '0123456789', 'Actuator', '82', 'servo', 'luckyharvi/0123456789/servo', '2025-01-11 19:36:31'),
(490, '0123456789', 'Actuator', '103', 'servo', 'luckyharvi/0123456789/servo', '2025-01-11 19:36:31'),
(491, '0123456789', 'Actuator', '99', 'servo', 'luckyharvi/0123456789/servo', '2025-01-11 19:36:31'),
(492, '0123456789', 'Actuator', '96', 'servo', 'luckyharvi/0123456789/servo', '2025-01-11 19:36:31'),
(493, '0123456789', 'Actuator', '94', 'servo', 'luckyharvi/0123456789/servo', '2025-01-11 19:36:32'),
(494, '0123456789', 'Actuator', '93', 'servo', 'luckyharvi/0123456789/servo', '2025-01-11 19:36:32'),
(495, '0123456789', 'Actuator', '91', 'servo', 'luckyharvi/0123456789/servo', '2025-01-11 19:36:32'),
(496, '0123456789', 'Actuator', '90', 'servo', 'luckyharvi/0123456789/servo', '2025-01-11 19:36:32'),
(497, '0123456789', 'Actuator', '88', 'servo', 'luckyharvi/0123456789/servo', '2025-01-11 19:36:32'),
(498, '0123456789', 'Actuator', '87', 'servo', 'luckyharvi/0123456789/servo', '2025-01-11 19:36:33'),
(499, '0123456789', 'Actuator', '85', 'servo', 'luckyharvi/0123456789/servo', '2025-01-11 19:36:33'),
(500, '0123456789', 'Actuator', '83', 'servo', 'luckyharvi/0123456789/servo', '2025-01-11 19:36:33'),
(501, '0123456789', 'Actuator', '82', 'servo', 'luckyharvi/0123456789/servo', '2025-01-11 19:36:33'),
(502, '0123456789', 'Actuator', '103', 'servo', 'luckyharvi/0123456789/servo', '2025-01-11 19:36:33'),
(503, '0123456789', 'Actuator', '99', 'servo', 'luckyharvi/0123456789/servo', '2025-01-11 19:36:34'),
(504, '0123456789', 'Actuator', '96', 'servo', 'luckyharvi/0123456789/servo', '2025-01-11 19:36:34');
INSERT INTO `data` (`id`, `serial_number`, `sensor_actuator`, `value`, `name`, `mqtt_topic`, `time`) VALUES
(505, '0123456789', 'Actuator', '94', 'servo', 'luckyharvi/0123456789/servo', '2025-01-11 19:36:34'),
(506, '0123456789', 'Actuator', '93', 'servo', 'luckyharvi/0123456789/servo', '2025-01-11 19:36:34'),
(507, '0123456789', 'Actuator', '91', 'servo', 'luckyharvi/0123456789/servo', '2025-01-11 19:36:35'),
(508, '0123456789', 'Actuator', '90', 'servo', 'luckyharvi/0123456789/servo', '2025-01-11 19:36:35'),
(509, '0123456789', 'Actuator', '88', 'servo', 'luckyharvi/0123456789/servo', '2025-01-11 19:36:35'),
(510, '0123456789', 'Actuator', '87', 'servo', 'luckyharvi/0123456789/servo', '2025-01-11 19:36:35'),
(511, '0123456789', 'Actuator', '85', 'servo', 'luckyharvi/0123456789/servo', '2025-01-11 19:36:35'),
(512, '0123456789', 'Actuator', '83', 'servo', 'luckyharvi/0123456789/servo', '2025-01-11 19:36:36'),
(513, '0123456789', 'Actuator', '82', 'servo', 'luckyharvi/0123456789/servo', '2025-01-11 19:36:36'),
(514, '0123456789', 'Actuator', '103', 'servo', 'luckyharvi/0123456789/servo', '2025-01-11 19:36:36'),
(515, '0123456789', 'Actuator', '99', 'servo', 'luckyharvi/0123456789/servo', '2025-01-11 19:36:36'),
(516, '0123456789', 'Actuator', '99', 'servo', 'luckyharvi/0123456789/servo', '2025-01-11 19:36:37'),
(517, '0123456789', 'Actuator', '107', 'servo', 'luckyharvi/0123456789/servo', '2025-01-11 19:36:37'),
(518, '0123456789', 'Actuator', '104', 'servo', 'luckyharvi/0123456789/servo', '2025-01-11 19:36:37'),
(519, '0123456789', 'Actuator', '99', 'servo', 'luckyharvi/0123456789/servo', '2025-01-11 19:36:37'),
(520, '0123456789', 'Actuator', '95', 'servo', 'luckyharvi/0123456789/servo', '2025-01-11 19:36:38'),
(521, '0123456789', 'Actuator', '90', 'servo', 'luckyharvi/0123456789/servo', '2025-01-11 19:36:38'),
(522, '0123456789', 'Actuator', '88', 'servo', 'luckyharvi/0123456789/servo', '2025-01-11 19:36:38'),
(523, '0123456789', 'Actuator', '87', 'servo', 'luckyharvi/0123456789/servo', '2025-01-11 19:36:38'),
(524, '0123456789', 'Actuator', '104', 'servo', 'luckyharvi/0123456789/servo', '2025-01-11 19:36:38'),
(525, '0123456789', 'Actuator', '99', 'servo', 'luckyharvi/0123456789/servo', '2025-01-11 19:36:39'),
(526, '0123456789', 'Actuator', '95', 'servo', 'luckyharvi/0123456789/servo', '2025-01-11 19:36:39'),
(527, '0123456789', 'Actuator', '90', 'servo', 'luckyharvi/0123456789/servo', '2025-01-11 19:36:39'),
(528, '0123456789', 'Actuator', '88', 'servo', 'luckyharvi/0123456789/servo', '2025-01-11 19:36:39'),
(529, '0123456789', 'Actuator', '87', 'servo', 'luckyharvi/0123456789/servo', '2025-01-11 19:36:39'),
(530, '0123456789', 'Actuator', '104', 'servo', 'luckyharvi/0123456789/servo', '2025-01-11 19:36:40'),
(531, '0123456789', 'Actuator', '99', 'servo', 'luckyharvi/0123456789/servo', '2025-01-11 19:36:40'),
(532, '0123456789', 'Actuator', '95', 'servo', 'luckyharvi/0123456789/servo', '2025-01-11 19:36:40'),
(533, '0123456789', 'Actuator', '90', 'servo', 'luckyharvi/0123456789/servo', '2025-01-11 19:36:40'),
(534, '0123456789', 'Actuator', '88', 'servo', 'luckyharvi/0123456789/servo', '2025-01-11 19:36:41'),
(535, '0123456789', 'Actuator', '87', 'servo', 'luckyharvi/0123456789/servo', '2025-01-11 19:36:41'),
(536, '0123456789', 'Actuator', '104', 'servo', 'luckyharvi/0123456789/servo', '2025-01-11 19:36:41'),
(537, '0123456789', 'Actuator', '99', 'servo', 'luckyharvi/0123456789/servo', '2025-01-11 19:36:41'),
(538, '0123456789', 'Actuator', '95', 'servo', 'luckyharvi/0123456789/servo', '2025-01-11 19:36:41'),
(539, '0123456789', 'Actuator', '90', 'servo', 'luckyharvi/0123456789/servo', '2025-01-11 19:36:42'),
(540, '0123456789', 'Actuator', '88', 'servo', 'luckyharvi/0123456789/servo', '2025-01-11 19:36:42'),
(541, '0123456789', 'Actuator', '87', 'servo', 'luckyharvi/0123456789/servo', '2025-01-11 19:36:42'),
(542, '0123456789', 'Actuator', '104', 'servo', 'luckyharvi/0123456789/servo', '2025-01-11 19:36:42'),
(543, '0123456789', 'Actuator', '99', 'servo', 'luckyharvi/0123456789/servo', '2025-01-11 19:36:43'),
(544, '0123456789', 'Actuator', '95', 'servo', 'luckyharvi/0123456789/servo', '2025-01-11 19:36:43'),
(545, '0123456789', 'Actuator', '90', 'servo', 'luckyharvi/0123456789/servo', '2025-01-11 19:36:43'),
(546, '0123456789', 'Actuator', '88', 'servo', 'luckyharvi/0123456789/servo', '2025-01-11 19:36:43'),
(547, '0123456789', 'Actuator', '87', 'servo', 'luckyharvi/0123456789/servo', '2025-01-11 19:36:43'),
(548, '0123456789', 'Actuator', '104', 'servo', 'luckyharvi/0123456789/servo', '2025-01-11 19:36:44'),
(549, '0123456789', 'Actuator', '99', 'servo', 'luckyharvi/0123456789/servo', '2025-01-11 19:36:44'),
(550, '0123456789', 'Actuator', '95', 'servo', 'luckyharvi/0123456789/servo', '2025-01-11 19:36:44'),
(551, '0123456789', 'Actuator', '90', 'servo', 'luckyharvi/0123456789/servo', '2025-01-11 19:36:44'),
(552, '0123456789', 'Actuator', '88', 'servo', 'luckyharvi/0123456789/servo', '2025-01-11 19:36:44'),
(553, '0123456789', 'Actuator', '87', 'servo', 'luckyharvi/0123456789/servo', '2025-01-11 19:36:45'),
(554, '0123456789', 'Actuator', '104', 'servo', 'luckyharvi/0123456789/servo', '2025-01-11 19:36:45'),
(555, '0123456789', 'Actuator', '99', 'servo', 'luckyharvi/0123456789/servo', '2025-01-11 19:36:45'),
(556, '0123456789', 'Actuator', '95', 'servo', 'luckyharvi/0123456789/servo', '2025-01-11 19:36:45'),
(557, '0123456789', 'Actuator', '90', 'servo', 'luckyharvi/0123456789/servo', '2025-01-11 19:36:45'),
(558, '0123456789', 'Actuator', '88', 'servo', 'luckyharvi/0123456789/servo', '2025-01-11 19:36:46'),
(559, '0123456789', 'Actuator', '87', 'servo', 'luckyharvi/0123456789/servo', '2025-01-11 19:36:46'),
(560, '0123456789', 'Actuator', '104', 'servo', 'luckyharvi/0123456789/servo', '2025-01-11 19:36:46'),
(561, '0123456789', 'Actuator', '99', 'servo', 'luckyharvi/0123456789/servo', '2025-01-11 19:36:46'),
(562, '0123456789', 'Actuator', '95', 'servo', 'luckyharvi/0123456789/servo', '2025-01-11 19:36:47'),
(563, '0123456789', 'Actuator', '90', 'servo', 'luckyharvi/0123456789/servo', '2025-01-11 19:36:47'),
(564, '0123456789', 'Actuator', '88', 'servo', 'luckyharvi/0123456789/servo', '2025-01-11 19:36:47'),
(565, '0123456789', 'Actuator', '87', 'servo', 'luckyharvi/0123456789/servo', '2025-01-11 19:36:47'),
(566, '0123456789', 'Actuator', '104', 'servo', 'luckyharvi/0123456789/servo', '2025-01-11 19:36:48'),
(567, '0123456789', 'Actuator', '99', 'servo', 'luckyharvi/0123456789/servo', '2025-01-11 19:36:48'),
(568, '0123456789', 'Actuator', '95', 'servo', 'luckyharvi/0123456789/servo', '2025-01-11 19:36:48'),
(569, '0123456789', 'Actuator', '90', 'servo', 'luckyharvi/0123456789/servo', '2025-01-11 19:36:48'),
(570, '0123456789', 'Actuator', '88', 'servo', 'luckyharvi/0123456789/servo', '2025-01-11 19:36:48'),
(571, '0123456789', 'Actuator', '87', 'servo', 'luckyharvi/0123456789/servo', '2025-01-11 19:36:49'),
(572, '0123456789', 'Actuator', '104', 'servo', 'luckyharvi/0123456789/servo', '2025-01-11 19:36:49'),
(573, '0123456789', 'Actuator', '99', 'servo', 'luckyharvi/0123456789/servo', '2025-01-11 19:36:49'),
(574, '0123456789', 'Actuator', '95', 'servo', 'luckyharvi/0123456789/servo', '2025-01-11 19:36:49'),
(575, '0123456789', 'Actuator', '90', 'servo', 'luckyharvi/0123456789/servo', '2025-01-11 19:36:50'),
(576, '0123456789', 'Actuator', '88', 'servo', 'luckyharvi/0123456789/servo', '2025-01-11 19:36:50'),
(577, '0123456789', 'Actuator', '87', 'servo', 'luckyharvi/0123456789/servo', '2025-01-11 19:36:50'),
(578, '0123456789', 'Actuator', '104', 'servo', 'luckyharvi/0123456789/servo', '2025-01-11 19:36:50'),
(579, '0123456789', 'Actuator', '99', 'servo', 'luckyharvi/0123456789/servo', '2025-01-11 19:36:50'),
(580, '0123456789', 'Actuator', '95', 'servo', 'luckyharvi/0123456789/servo', '2025-01-11 19:36:51'),
(581, '0123456789', 'Actuator', '90', 'servo', 'luckyharvi/0123456789/servo', '2025-01-11 19:36:51'),
(582, '0123456789', 'Actuator', '88', 'servo', 'luckyharvi/0123456789/servo', '2025-01-11 19:36:51'),
(583, '0123456789', 'Actuator', '87', 'servo', 'luckyharvi/0123456789/servo', '2025-01-11 19:36:51'),
(584, '0123456789', 'Actuator', '104', 'servo', 'luckyharvi/0123456789/servo', '2025-01-11 19:36:51'),
(585, '0123456789', 'Actuator', '99', 'servo', 'luckyharvi/0123456789/servo', '2025-01-11 19:36:52'),
(586, '0123456789', 'Actuator', '95', 'servo', 'luckyharvi/0123456789/servo', '2025-01-11 19:36:52'),
(587, '0123456789', 'Actuator', '90', 'servo', 'luckyharvi/0123456789/servo', '2025-01-11 19:36:52'),
(588, '0123456789', 'Actuator', '88', 'servo', 'luckyharvi/0123456789/servo', '2025-01-11 19:36:52'),
(589, '0123456789', 'Actuator', '87', 'servo', 'luckyharvi/0123456789/servo', '2025-01-11 19:36:52'),
(590, '0123456789', 'Actuator', '104', 'servo', 'luckyharvi/0123456789/servo', '2025-01-11 19:36:53'),
(591, '0123456789', 'Actuator', '99', 'servo', 'luckyharvi/0123456789/servo', '2025-01-11 19:36:53'),
(592, '0123456789', 'Actuator', '95', 'servo', 'luckyharvi/0123456789/servo', '2025-01-11 19:36:53'),
(593, '0123456789', 'Actuator', '90', 'servo', 'luckyharvi/0123456789/servo', '2025-01-11 19:36:53'),
(594, '0123456789', 'Actuator', '88', 'servo', 'luckyharvi/0123456789/servo', '2025-01-11 19:36:54'),
(595, '0123456789', 'Actuator', '87', 'servo', 'luckyharvi/0123456789/servo', '2025-01-11 19:36:54'),
(596, '0123456789', 'Actuator', '104', 'servo', 'luckyharvi/0123456789/servo', '2025-01-11 19:36:54'),
(597, '0123456789', 'Actuator', '99', 'servo', 'luckyharvi/0123456789/servo', '2025-01-11 19:36:54'),
(598, '0123456789', 'Actuator', '95', 'servo', 'luckyharvi/0123456789/servo', '2025-01-11 19:36:54'),
(599, '0123456789', 'Actuator', '90', 'servo', 'luckyharvi/0123456789/servo', '2025-01-11 19:36:55'),
(600, '0123456789', 'Actuator', '88', 'servo', 'luckyharvi/0123456789/servo', '2025-01-11 19:36:55'),
(601, '0123456789', 'Actuator', '87', 'servo', 'luckyharvi/0123456789/servo', '2025-01-11 19:36:55'),
(602, '0123456789', 'Actuator', '104', 'servo', 'luckyharvi/0123456789/servo', '2025-01-11 19:36:55'),
(603, '0123456789', 'Actuator', '99', 'servo', 'luckyharvi/0123456789/servo', '2025-01-11 19:36:55'),
(604, '0123456789', 'Actuator', '95', 'servo', 'luckyharvi/0123456789/servo', '2025-01-11 19:36:56'),
(605, '0123456789', 'Actuator', '90', 'servo', 'luckyharvi/0123456789/servo', '2025-01-11 19:36:56'),
(606, '0123456789', 'Actuator', '88', 'servo', 'luckyharvi/0123456789/servo', '2025-01-11 19:36:56'),
(607, '0123456789', 'Actuator', '87', 'servo', 'luckyharvi/0123456789/servo', '2025-01-11 19:36:56'),
(608, '0123456789', 'Actuator', '104', 'servo', 'luckyharvi/0123456789/servo', '2025-01-11 19:36:57'),
(609, '0123456789', 'Actuator', '99', 'servo', 'luckyharvi/0123456789/servo', '2025-01-11 19:36:57'),
(610, '0123456789', 'Actuator', '95', 'servo', 'luckyharvi/0123456789/servo', '2025-01-11 19:36:57'),
(611, '0123456789', 'Actuator', '90', 'servo', 'luckyharvi/0123456789/servo', '2025-01-11 19:36:57'),
(612, '0123456789', 'Actuator', '88', 'servo', 'luckyharvi/0123456789/servo', '2025-01-11 19:36:57'),
(613, '0123456789', 'Actuator', '87', 'servo', 'luckyharvi/0123456789/servo', '2025-01-11 19:36:58'),
(614, '0123456789', 'Actuator', '104', 'servo', 'luckyharvi/0123456789/servo', '2025-01-11 19:36:58'),
(615, '0123456789', 'Actuator', '99', 'servo', 'luckyharvi/0123456789/servo', '2025-01-11 19:36:58'),
(616, '0123456789', 'Actuator', '95', 'servo', 'luckyharvi/0123456789/servo', '2025-01-11 19:36:58'),
(617, '0123456789', 'Actuator', '90', 'servo', 'luckyharvi/0123456789/servo', '2025-01-11 19:36:59'),
(618, '0123456789', 'Actuator', '88', 'servo', 'luckyharvi/0123456789/servo', '2025-01-11 19:36:59'),
(619, '0123456789', 'Actuator', '87', 'servo', 'luckyharvi/0123456789/servo', '2025-01-11 19:36:59'),
(620, '0123456789', 'Actuator', '104', 'servo', 'luckyharvi/0123456789/servo', '2025-01-11 19:36:59'),
(621, '0123456789', 'Actuator', '99', 'servo', 'luckyharvi/0123456789/servo', '2025-01-11 19:37:00'),
(622, '0123456789', 'Actuator', '95', 'servo', 'luckyharvi/0123456789/servo', '2025-01-11 19:37:00'),
(623, '0123456789', 'Actuator', '90', 'servo', 'luckyharvi/0123456789/servo', '2025-01-11 19:37:00'),
(624, '0123456789', 'Actuator', '88', 'servo', 'luckyharvi/0123456789/servo', '2025-01-11 19:37:00'),
(625, '0123456789', 'Actuator', '87', 'servo', 'luckyharvi/0123456789/servo', '2025-01-11 19:37:00'),
(626, '0123456789', 'Actuator', '104', 'servo', 'luckyharvi/0123456789/servo', '2025-01-11 19:37:01'),
(627, '0123456789', 'Actuator', '99', 'servo', 'luckyharvi/0123456789/servo', '2025-01-11 19:37:01'),
(628, '0123456789', 'Actuator', '95', 'servo', 'luckyharvi/0123456789/servo', '2025-01-11 19:37:01'),
(629, '0123456789', 'Actuator', '90', 'servo', 'luckyharvi/0123456789/servo', '2025-01-11 19:37:01'),
(630, '0123456789', 'Actuator', '88', 'servo', 'luckyharvi/0123456789/servo', '2025-01-11 19:37:01'),
(631, '0123456789', 'Actuator', '87', 'servo', 'luckyharvi/0123456789/servo', '2025-01-11 19:37:02'),
(632, '0123456789', 'Actuator', '104', 'servo', 'luckyharvi/0123456789/servo', '2025-01-11 19:37:02'),
(633, '0123456789', 'Actuator', '99', 'servo', 'luckyharvi/0123456789/servo', '2025-01-11 19:37:02'),
(634, '0123456789', 'Actuator', '95', 'servo', 'luckyharvi/0123456789/servo', '2025-01-11 19:37:02'),
(635, '0123456789', 'Actuator', '90', 'servo', 'luckyharvi/0123456789/servo', '2025-01-11 19:37:03'),
(636, '0123456789', 'Actuator', '88', 'servo', 'luckyharvi/0123456789/servo', '2025-01-11 19:37:03'),
(637, '0123456789', 'Actuator', '87', 'servo', 'luckyharvi/0123456789/servo', '2025-01-11 19:37:03'),
(638, '0123456789', 'Actuator', '104', 'servo', 'luckyharvi/0123456789/servo', '2025-01-11 19:37:03'),
(639, '0123456789', 'Actuator', '99', 'servo', 'luckyharvi/0123456789/servo', '2025-01-11 19:37:03'),
(640, '0123456789', 'Actuator', '95', 'servo', 'luckyharvi/0123456789/servo', '2025-01-11 19:37:04'),
(641, '0123456789', 'Actuator', '90', 'servo', 'luckyharvi/0123456789/servo', '2025-01-11 19:37:04'),
(642, '0123456789', 'Actuator', '88', 'servo', 'luckyharvi/0123456789/servo', '2025-01-11 19:37:04'),
(643, '0123456789', 'Actuator', '87', 'servo', 'luckyharvi/0123456789/servo', '2025-01-11 19:37:04'),
(644, '0123456789', 'Actuator', '104', 'servo', 'luckyharvi/0123456789/servo', '2025-01-11 19:37:04'),
(645, '0123456789', 'Actuator', '99', 'servo', 'luckyharvi/0123456789/servo', '2025-01-11 19:37:05'),
(646, '0123456789', 'Actuator', '95', 'servo', 'luckyharvi/0123456789/servo', '2025-01-11 19:37:05'),
(647, '0123456789', 'Actuator', '90', 'servo', 'luckyharvi/0123456789/servo', '2025-01-11 19:37:05'),
(648, '0123456789', 'Actuator', '88', 'servo', 'luckyharvi/0123456789/servo', '2025-01-11 19:37:05'),
(649, '0123456789', 'Actuator', '87', 'servo', 'luckyharvi/0123456789/servo', '2025-01-11 19:37:06'),
(650, '0123456789', 'Actuator', '104', 'servo', 'luckyharvi/0123456789/servo', '2025-01-11 19:37:06'),
(651, '0123456789', 'Actuator', '99', 'servo', 'luckyharvi/0123456789/servo', '2025-01-11 19:37:06'),
(652, '0123456789', 'Actuator', '95', 'servo', 'luckyharvi/0123456789/servo', '2025-01-11 19:37:06'),
(653, '0123456789', 'Actuator', '90', 'servo', 'luckyharvi/0123456789/servo', '2025-01-11 19:37:06'),
(654, '0123456789', 'Actuator', '88', 'servo', 'luckyharvi/0123456789/servo', '2025-01-11 19:37:07'),
(655, '0123456789', 'Actuator', '87', 'servo', 'luckyharvi/0123456789/servo', '2025-01-11 19:37:07'),
(656, '0123456789', 'Actuator', '104', 'servo', 'luckyharvi/0123456789/servo', '2025-01-11 19:37:07'),
(657, '0123456789', 'Actuator', '99', 'servo', 'luckyharvi/0123456789/servo', '2025-01-11 19:37:07'),
(658, '0123456789', 'Actuator', '95', 'servo', 'luckyharvi/0123456789/servo', '2025-01-11 19:37:07'),
(659, '0123456789', 'Actuator', '90', 'servo', 'luckyharvi/0123456789/servo', '2025-01-11 19:37:08'),
(660, '0123456789', 'Actuator', '88', 'servo', 'luckyharvi/0123456789/servo', '2025-01-11 19:37:08'),
(661, '0123456789', 'Actuator', '87', 'servo', 'luckyharvi/0123456789/servo', '2025-01-11 19:37:08'),
(662, '0123456789', 'Actuator', '104', 'servo', 'luckyharvi/0123456789/servo', '2025-01-11 19:37:08'),
(663, '0123456789', 'Actuator', '99', 'servo', 'luckyharvi/0123456789/servo', '2025-01-11 19:37:09'),
(664, '0123456789', 'Actuator', '95', 'servo', 'luckyharvi/0123456789/servo', '2025-01-11 19:37:09'),
(665, '0123456789', 'Actuator', '90', 'servo', 'luckyharvi/0123456789/servo', '2025-01-11 19:37:09'),
(666, '0123456789', 'Actuator', '88', 'servo', 'luckyharvi/0123456789/servo', '2025-01-11 19:37:09'),
(667, '0123456789', 'Actuator', '87', 'servo', 'luckyharvi/0123456789/servo', '2025-01-11 19:37:09'),
(668, '0123456789', 'Actuator', '104', 'servo', 'luckyharvi/0123456789/servo', '2025-01-11 19:37:10'),
(669, '0123456789', 'Actuator', '99', 'servo', 'luckyharvi/0123456789/servo', '2025-01-11 19:37:10'),
(670, '0123456789', 'Actuator', '95', 'servo', 'luckyharvi/0123456789/servo', '2025-01-11 19:37:10'),
(671, '0123456789', 'Actuator', '90', 'servo', 'luckyharvi/0123456789/servo', '2025-01-11 19:37:10'),
(672, '0123456789', 'Actuator', '88', 'servo', 'luckyharvi/0123456789/servo', '2025-01-11 19:37:10'),
(673, '0123456789', 'Actuator', '88', 'servo', 'luckyharvi/0123456789/servo', '2025-01-11 19:37:11'),
(674, '0123456789', 'Actuator', '144', 'servo', 'luckyharvi/0123456789/servo', '2025-01-11 19:37:11'),
(675, '0123456789', 'Actuator', '82', 'servo', 'luckyharvi/0123456789/servo', '2025-01-11 19:37:11'),
(676, '0123456789', 'Actuator', '85', 'servo', 'luckyharvi/0123456789/servo', '2025-01-11 19:37:11'),
(677, '0123456789', 'Actuator', '90', 'servo', 'luckyharvi/0123456789/servo', '2025-01-11 19:37:11'),
(678, '0123456789', 'Actuator', '96', 'servo', 'luckyharvi/0123456789/servo', '2025-01-11 19:37:12'),
(679, '0123456789', 'Actuator', '101', 'servo', 'luckyharvi/0123456789/servo', '2025-01-11 19:37:12'),
(680, '0123456789', 'Actuator', '107', 'servo', 'luckyharvi/0123456789/servo', '2025-01-11 19:37:12'),
(681, '0123456789', 'Actuator', '85', 'servo', 'luckyharvi/0123456789/servo', '2025-01-11 19:37:12'),
(682, '0123456789', 'Actuator', '90', 'servo', 'luckyharvi/0123456789/servo', '2025-01-11 19:37:13'),
(683, '0123456789', 'Actuator', '96', 'servo', 'luckyharvi/0123456789/servo', '2025-01-11 19:37:13'),
(684, '0123456789', 'Actuator', '101', 'servo', 'luckyharvi/0123456789/servo', '2025-01-11 19:37:13'),
(685, '0123456789', 'Actuator', '107', 'servo', 'luckyharvi/0123456789/servo', '2025-01-11 19:37:13'),
(686, '0123456789', 'Actuator', '85', 'servo', 'luckyharvi/0123456789/servo', '2025-01-11 19:37:13'),
(687, '0123456789', 'Actuator', '90', 'servo', 'luckyharvi/0123456789/servo', '2025-01-11 19:37:14'),
(688, '0123456789', 'Actuator', '96', 'servo', 'luckyharvi/0123456789/servo', '2025-01-11 19:37:14'),
(690, '0123456789', 'Sensor', '15.20', 'suhu', 'luckyharvi/0123456789/suhu', '2025-01-11 19:37:14'),
(691, '0123456789', 'Sensor', '67.50', 'kelembapan', 'luckyharvi/0123456789/kelembapan', '2025-01-11 19:37:14'),
(692, '0123456789', 'Actuator', 'on', 'led', 'luckyharvi/0123456789/led/2', '2025-01-11 19:37:15'),
(693, '0123456789', 'Actuator', 'off', 'led', 'luckyharvi/0123456789/led/1', '2025-01-11 19:37:15'),
(694, '0123456789', 'Sensor', '2230', 'potensiometer', 'luckyharvi/0123456789/potensiometer', '2025-01-11 19:37:15'),
(695, '0123456789', 'Actuator', '85', 'servo', 'luckyharvi/0123456789/servo', '2025-01-11 19:37:15'),
(696, '0123456789', 'Sensor', '15.20', 'suhu', 'luckyharvi/0123456789/suhu', '2025-01-11 19:37:21'),
(697, '0123456789', 'Sensor', '67.50', 'kelembapan', 'luckyharvi/0123456789/kelembapan', '2025-01-11 19:37:23'),
(698, '0123456789', 'Sensor', '15.20', 'suhu', 'luckyharvi/0123456789/suhu', '2025-01-11 19:37:37'),
(699, '0123456789', 'Sensor', '67.50', 'kelembapan', 'luckyharvi/0123456789/kelembapan', '2025-01-11 19:37:38'),
(700, '0123456789', 'Sensor', '15.20', 'suhu', 'luckyharvi/0123456789/suhu', '2025-01-11 19:37:52'),
(701, '0123456789', 'Sensor', '67.50', 'kelembapan', 'luckyharvi/0123456789/kelembapan', '2025-01-11 19:37:54'),
(702, '0123456789', 'Sensor', '15.20', 'suhu', 'luckyharvi/0123456789/suhu', '2025-01-11 19:38:07'),
(703, '0123456789', 'Sensor', '67.50', 'kelembapan', 'luckyharvi/0123456789/kelembapan', '2025-01-11 19:38:08'),
(704, '0123456789', 'Sensor', '15.20', 'suhu', 'luckyharvi/0123456789/suhu', '2025-01-11 19:38:22'),
(705, '0123456789', 'Sensor', '67.50', 'kelembapan', 'luckyharvi/0123456789/kelembapan', '2025-01-11 19:38:23'),
(706, '0123456789', 'Sensor', '15.20', 'suhu', 'luckyharvi/0123456789/suhu', '2025-01-11 19:38:37'),
(707, '0123456789', 'Sensor', '67.50', 'kelembapan', 'luckyharvi/0123456789/kelembapan', '2025-01-11 19:38:38'),
(708, '0123456789', 'Sensor', '15.20', 'suhu', 'luckyharvi/0123456789/suhu', '2025-01-11 19:38:52'),
(709, '0123456789', 'Sensor', '67.50', 'kelembapan', 'luckyharvi/0123456789/kelembapan', '2025-01-11 19:38:53'),
(710, '0123456789', 'Sensor', '15.20', 'suhu', 'luckyharvi/0123456789/suhu', '2025-01-11 19:39:06'),
(711, '0123456789', 'Sensor', '67.50', 'kelembapan', 'luckyharvi/0123456789/kelembapan', '2025-01-11 19:39:08'),
(712, '0123456789', 'Sensor', '15.20', 'suhu', 'luckyharvi/0123456789/suhu', '2025-01-11 19:39:21'),
(713, '0123456789', 'Sensor', '67.50', 'kelembapan', 'luckyharvi/0123456789/kelembapan', '2025-01-11 19:39:22'),
(714, '0123456789', 'Sensor', '15.20', 'suhu', 'luckyharvi/0123456789/suhu', '2025-01-11 19:39:36'),
(715, '0123456789', 'Sensor', '67.50', 'kelembapan', 'luckyharvi/0123456789/kelembapan', '2025-01-11 19:39:38'),
(716, '0123456789', 'Sensor', '15.20', 'suhu', 'luckyharvi/0123456789/suhu', '2025-01-11 19:39:52'),
(717, '0123456789', 'Sensor', '67.50', 'kelembapan', 'luckyharvi/0123456789/kelembapan', '2025-01-11 19:39:53'),
(718, '0123456789', 'Sensor', '15.20', 'suhu', 'luckyharvi/0123456789/suhu', '2025-01-11 19:40:07'),
(719, '0123456789', 'Sensor', '67.50', 'kelembapan', 'luckyharvi/0123456789/kelembapan', '2025-01-11 19:40:08'),
(720, '0123456789', 'Sensor', '15.20', 'suhu', 'luckyharvi/0123456789/suhu', '2025-01-11 19:40:21'),
(721, '0123456789', 'Sensor', '67.50', 'kelembapan', 'luckyharvi/0123456789/kelembapan', '2025-01-11 19:40:22'),
(722, '0123456789', 'Sensor', '15.20', 'suhu', 'luckyharvi/0123456789/suhu', '2025-01-11 19:40:36'),
(723, '0123456789', 'Sensor', '67.50', 'kelembapan', 'luckyharvi/0123456789/kelembapan', '2025-01-11 19:40:37'),
(724, '0123456789', 'Sensor', '15.20', 'suhu', 'luckyharvi/0123456789/suhu', '2025-01-11 19:40:52'),
(725, '0123456789', 'Sensor', '67.50', 'kelembapan', 'luckyharvi/0123456789/kelembapan', '2025-01-11 19:40:54'),
(727, '0123456789', 'Actuator', '85', 'servo', 'luckyharvi/0123456789/servo', '2025-01-11 19:44:55'),
(728, '0123456789', 'Actuator', '69', 'servo', 'luckyharvi/0123456789/servo', '2025-01-11 19:44:57'),
(729, '0123456789', 'Actuator', '70', 'servo', 'luckyharvi/0123456789/servo', '2025-01-11 19:45:00'),
(730, '0123456789', 'Actuator', '73', 'servo', 'luckyharvi/0123456789/servo', '2025-01-11 19:45:00'),
(731, '0123456789', 'Actuator', '74', 'servo', 'luckyharvi/0123456789/servo', '2025-01-11 19:45:01'),
(732, '0123456789', 'Actuator', '76', 'servo', 'luckyharvi/0123456789/servo', '2025-01-11 19:45:01'),
(733, '0123456789', 'Actuator', '77', 'servo', 'luckyharvi/0123456789/servo', '2025-01-11 19:45:01'),
(734, '0123456789', 'Actuator', '78', 'servo', 'luckyharvi/0123456789/servo', '2025-01-11 19:45:01'),
(735, '0123456789', 'Actuator', '79', 'servo', 'luckyharvi/0123456789/servo', '2025-01-11 19:45:01'),
(736, '0123456789', 'Actuator', '80', 'servo', 'luckyharvi/0123456789/servo', '2025-01-11 19:45:02'),
(737, '0123456789', 'Actuator', '70', 'servo', 'luckyharvi/0123456789/servo', '2025-01-11 19:45:02'),
(738, '0123456789', 'Actuator', '73', 'servo', 'luckyharvi/0123456789/servo', '2025-01-11 19:45:02'),
(739, '0123456789', 'Actuator', '74', 'servo', 'luckyharvi/0123456789/servo', '2025-01-11 19:45:02'),
(740, '0123456789', 'Actuator', '76', 'servo', 'luckyharvi/0123456789/servo', '2025-01-11 19:45:02'),
(741, '0123456789', 'Actuator', '77', 'servo', 'luckyharvi/0123456789/servo', '2025-01-11 19:45:03'),
(742, '0123456789', 'Actuator', '78', 'servo', 'luckyharvi/0123456789/servo', '2025-01-11 19:45:03'),
(743, '0123456789', 'Actuator', '79', 'servo', 'luckyharvi/0123456789/servo', '2025-01-11 19:45:03'),
(744, '0123456789', 'Actuator', '80', 'servo', 'luckyharvi/0123456789/servo', '2025-01-11 19:45:03'),
(745, '0123456789', 'Actuator', '70', 'servo', 'luckyharvi/0123456789/servo', '2025-01-11 19:45:04'),
(746, '0123456789', 'Actuator', '73', 'servo', 'luckyharvi/0123456789/servo', '2025-01-11 19:45:04'),
(747, '0123456789', 'Actuator', '74', 'servo', 'luckyharvi/0123456789/servo', '2025-01-11 19:45:04'),
(748, '0123456789', 'Actuator', '76', 'servo', 'luckyharvi/0123456789/servo', '2025-01-11 19:45:04'),
(749, '0123456789', 'Actuator', '77', 'servo', 'luckyharvi/0123456789/servo', '2025-01-11 19:45:04'),
(750, '0123456789', 'Actuator', '78', 'servo', 'luckyharvi/0123456789/servo', '2025-01-11 19:45:05'),
(751, '0123456789', 'Actuator', '79', 'servo', 'luckyharvi/0123456789/servo', '2025-01-11 19:45:05'),
(752, '0123456789', 'Actuator', '80', 'servo', 'luckyharvi/0123456789/servo', '2025-01-11 19:45:05'),
(753, '0123456789', 'Actuator', '70', 'servo', 'luckyharvi/0123456789/servo', '2025-01-11 19:45:05'),
(754, '0123456789', 'Actuator', '73', 'servo', 'luckyharvi/0123456789/servo', '2025-01-11 19:45:05'),
(755, '0123456789', 'Actuator', '74', 'servo', 'luckyharvi/0123456789/servo', '2025-01-11 19:45:06'),
(756, '0123456789', 'Actuator', '76', 'servo', 'luckyharvi/0123456789/servo', '2025-01-11 19:45:06'),
(757, '0123456789', 'Actuator', '77', 'servo', 'luckyharvi/0123456789/servo', '2025-01-11 19:45:06'),
(758, '0123456789', 'Actuator', '78', 'servo', 'luckyharvi/0123456789/servo', '2025-01-11 19:45:06'),
(759, '0123456789', 'Actuator', '79', 'servo', 'luckyharvi/0123456789/servo', '2025-01-11 19:45:06'),
(760, '0123456789', 'Actuator', '80', 'servo', 'luckyharvi/0123456789/servo', '2025-01-11 19:45:07'),
(761, '0123456789', 'Actuator', '70', 'servo', 'luckyharvi/0123456789/servo', '2025-01-11 19:45:07'),
(762, '0123456789', 'Actuator', '73', 'servo', 'luckyharvi/0123456789/servo', '2025-01-11 19:45:07'),
(763, '0123456789', 'Actuator', '74', 'servo', 'luckyharvi/0123456789/servo', '2025-01-11 19:45:07'),
(764, '0123456789', 'Actuator', '76', 'servo', 'luckyharvi/0123456789/servo', '2025-01-11 19:45:08'),
(765, '0123456789', 'Actuator', '77', 'servo', 'luckyharvi/0123456789/servo', '2025-01-11 19:45:08'),
(766, '0123456789', 'Actuator', '78', 'servo', 'luckyharvi/0123456789/servo', '2025-01-11 19:45:08'),
(767, '0123456789', 'Actuator', '79', 'servo', 'luckyharvi/0123456789/servo', '2025-01-11 19:45:08'),
(768, '0123456789', 'Actuator', '80', 'servo', 'luckyharvi/0123456789/servo', '2025-01-11 19:45:08'),
(769, '0123456789', 'Actuator', '70', 'servo', 'luckyharvi/0123456789/servo', '2025-01-11 19:45:09'),
(770, '0123456789', 'Actuator', '73', 'servo', 'luckyharvi/0123456789/servo', '2025-01-11 19:45:09'),
(771, '0123456789', 'Actuator', '74', 'servo', 'luckyharvi/0123456789/servo', '2025-01-11 19:45:09'),
(772, '0123456789', 'Actuator', '76', 'servo', 'luckyharvi/0123456789/servo', '2025-01-11 19:45:09'),
(773, '0123456789', 'Actuator', '77', 'servo', 'luckyharvi/0123456789/servo', '2025-01-11 19:45:09'),
(774, '0123456789', 'Actuator', '78', 'servo', 'luckyharvi/0123456789/servo', '2025-01-11 19:45:10'),
(775, '0123456789', 'Actuator', '79', 'servo', 'luckyharvi/0123456789/servo', '2025-01-11 19:45:10'),
(776, '0123456789', 'Actuator', '80', 'servo', 'luckyharvi/0123456789/servo', '2025-01-11 19:45:10'),
(777, '0123456789', 'Actuator', '70', 'servo', 'luckyharvi/0123456789/servo', '2025-01-11 19:45:10'),
(778, '0123456789', 'Actuator', '73', 'servo', 'luckyharvi/0123456789/servo', '2025-01-11 19:45:10'),
(779, '0123456789', 'Actuator', '74', 'servo', 'luckyharvi/0123456789/servo', '2025-01-11 19:45:11'),
(780, '0123456789', 'Actuator', '76', 'servo', 'luckyharvi/0123456789/servo', '2025-01-11 19:45:11'),
(781, '0123456789', 'Actuator', '77', 'servo', 'luckyharvi/0123456789/servo', '2025-01-11 19:45:11'),
(782, '0123456789', 'Actuator', '78', 'servo', 'luckyharvi/0123456789/servo', '2025-01-11 19:45:11'),
(783, '0123456789', 'Actuator', '79', 'servo', 'luckyharvi/0123456789/servo', '2025-01-11 19:45:12'),
(784, '0123456789', 'Actuator', '80', 'servo', 'luckyharvi/0123456789/servo', '2025-01-11 19:45:12'),
(785, '0123456789', 'Actuator', '70', 'servo', 'luckyharvi/0123456789/servo', '2025-01-11 19:45:12'),
(786, '0123456789', 'Actuator', '73', 'servo', 'luckyharvi/0123456789/servo', '2025-01-11 19:45:12'),
(787, '0123456789', 'Actuator', '74', 'servo', 'luckyharvi/0123456789/servo', '2025-01-11 19:45:12'),
(788, '0123456789', 'Actuator', '76', 'servo', 'luckyharvi/0123456789/servo', '2025-01-11 19:45:13'),
(789, '0123456789', 'Actuator', '77', 'servo', 'luckyharvi/0123456789/servo', '2025-01-11 19:45:13'),
(790, '0123456789', 'Actuator', '78', 'servo', 'luckyharvi/0123456789/servo', '2025-01-11 19:45:13'),
(791, '0123456789', 'Actuator', '79', 'servo', 'luckyharvi/0123456789/servo', '2025-01-11 19:45:13'),
(792, '0123456789', 'Actuator', '80', 'servo', 'luckyharvi/0123456789/servo', '2025-01-11 19:45:13'),
(793, '0123456789', 'Actuator', '70', 'servo', 'luckyharvi/0123456789/servo', '2025-01-11 19:45:14'),
(794, '0123456789', 'Actuator', '73', 'servo', 'luckyharvi/0123456789/servo', '2025-01-11 19:45:14'),
(795, '0123456789', 'Actuator', '74', 'servo', 'luckyharvi/0123456789/servo', '2025-01-11 19:45:14'),
(796, '0123456789', 'Actuator', '76', 'servo', 'luckyharvi/0123456789/servo', '2025-01-11 19:45:14'),
(797, '0123456789', 'Actuator', '77', 'servo', 'luckyharvi/0123456789/servo', '2025-01-11 19:45:14'),
(798, '0123456789', 'Actuator', '78', 'servo', 'luckyharvi/0123456789/servo', '2025-01-11 19:45:15'),
(799, '0123456789', 'Actuator', '79', 'servo', 'luckyharvi/0123456789/servo', '2025-01-11 19:45:15'),
(800, '0123456789', 'Actuator', '80', 'servo', 'luckyharvi/0123456789/servo', '2025-01-11 19:45:15'),
(801, '0123456789', 'Actuator', '70', 'servo', 'luckyharvi/0123456789/servo', '2025-01-11 19:45:15'),
(802, '0123456789', 'Actuator', '73', 'servo', 'luckyharvi/0123456789/servo', '2025-01-11 19:45:15'),
(803, '0123456789', 'Actuator', '74', 'servo', 'luckyharvi/0123456789/servo', '2025-01-11 19:45:16'),
(804, '0123456789', 'Actuator', '76', 'servo', 'luckyharvi/0123456789/servo', '2025-01-11 19:45:16'),
(805, '0123456789', 'Actuator', '77', 'servo', 'luckyharvi/0123456789/servo', '2025-01-11 19:45:16'),
(806, '0123456789', 'Actuator', '78', 'servo', 'luckyharvi/0123456789/servo', '2025-01-11 19:45:16'),
(807, '0123456789', 'Actuator', '79', 'servo', 'luckyharvi/0123456789/servo', '2025-01-11 19:45:16'),
(808, '0123456789', 'Actuator', '80', 'servo', 'luckyharvi/0123456789/servo', '2025-01-11 19:45:17'),
(809, '0123456789', 'Actuator', '70', 'servo', 'luckyharvi/0123456789/servo', '2025-01-11 19:45:17'),
(810, '0123456789', 'Actuator', '73', 'servo', 'luckyharvi/0123456789/servo', '2025-01-11 19:45:17'),
(811, '0123456789', 'Actuator', '74', 'servo', 'luckyharvi/0123456789/servo', '2025-01-11 19:45:17'),
(812, '0123456789', 'Actuator', '76', 'servo', 'luckyharvi/0123456789/servo', '2025-01-11 19:45:18'),
(813, '0123456789', 'Actuator', '77', 'servo', 'luckyharvi/0123456789/servo', '2025-01-11 19:45:18'),
(814, '0123456789', 'Actuator', '78', 'servo', 'luckyharvi/0123456789/servo', '2025-01-11 19:45:18'),
(815, '0123456789', 'Actuator', '79', 'servo', 'luckyharvi/0123456789/servo', '2025-01-11 19:45:18'),
(816, '0123456789', 'Actuator', '80', 'servo', 'luckyharvi/0123456789/servo', '2025-01-11 19:45:18'),
(817, '0123456789', 'Actuator', '70', 'servo', 'luckyharvi/0123456789/servo', '2025-01-11 19:45:19'),
(818, '0123456789', 'Actuator', '73', 'servo', 'luckyharvi/0123456789/servo', '2025-01-11 19:45:19'),
(819, '0123456789', 'Actuator', '74', 'servo', 'luckyharvi/0123456789/servo', '2025-01-11 19:45:19'),
(820, '0123456789', 'Actuator', '76', 'servo', 'luckyharvi/0123456789/servo', '2025-01-11 19:45:19'),
(821, '0123456789', 'Actuator', '77', 'servo', 'luckyharvi/0123456789/servo', '2025-01-11 19:45:19'),
(822, '0123456789', 'Actuator', '78', 'servo', 'luckyharvi/0123456789/servo', '2025-01-11 19:45:20'),
(823, '0123456789', 'Actuator', '79', 'servo', 'luckyharvi/0123456789/servo', '2025-01-11 19:45:20'),
(824, '0123456789', 'Actuator', '80', 'servo', 'luckyharvi/0123456789/servo', '2025-01-11 19:45:20'),
(825, '0123456789', 'Actuator', '70', 'servo', 'luckyharvi/0123456789/servo', '2025-01-11 19:45:20'),
(826, '0123456789', 'Actuator', '73', 'servo', 'luckyharvi/0123456789/servo', '2025-01-11 19:45:20'),
(827, '0123456789', 'Actuator', '74', 'servo', 'luckyharvi/0123456789/servo', '2025-01-11 19:45:21'),
(828, '0123456789', 'Actuator', '76', 'servo', 'luckyharvi/0123456789/servo', '2025-01-11 19:45:21'),
(829, '0123456789', 'Actuator', '77', 'servo', 'luckyharvi/0123456789/servo', '2025-01-11 19:45:21'),
(830, '0123456789', 'Actuator', '78', 'servo', 'luckyharvi/0123456789/servo', '2025-01-11 19:45:21'),
(831, '0123456789', 'Actuator', '79', 'servo', 'luckyharvi/0123456789/servo', '2025-01-11 19:45:22'),
(832, '0123456789', 'Actuator', '80', 'servo', 'luckyharvi/0123456789/servo', '2025-01-11 19:45:22'),
(833, '0123456789', 'Actuator', '70', 'servo', 'luckyharvi/0123456789/servo', '2025-01-11 19:45:22'),
(834, '0123456789', 'Actuator', '73', 'servo', 'luckyharvi/0123456789/servo', '2025-01-11 19:45:22'),
(835, '0123456789', 'Actuator', '74', 'servo', 'luckyharvi/0123456789/servo', '2025-01-11 19:45:22'),
(836, '0123456789', 'Actuator', '76', 'servo', 'luckyharvi/0123456789/servo', '2025-01-11 19:45:23'),
(837, '0123456789', 'Actuator', '77', 'servo', 'luckyharvi/0123456789/servo', '2025-01-11 19:45:23'),
(838, '0123456789', 'Actuator', '78', 'servo', 'luckyharvi/0123456789/servo', '2025-01-11 19:45:23'),
(839, '0123456789', 'Actuator', '79', 'servo', 'luckyharvi/0123456789/servo', '2025-01-11 19:45:23'),
(840, '0123456789', 'Actuator', '80', 'servo', 'luckyharvi/0123456789/servo', '2025-01-11 19:45:23'),
(841, '0123456789', 'Actuator', '70', 'servo', 'luckyharvi/0123456789/servo', '2025-01-11 19:45:24'),
(842, '0123456789', 'Actuator', '73', 'servo', 'luckyharvi/0123456789/servo', '2025-01-11 19:45:24'),
(843, '0123456789', 'Actuator', '74', 'servo', 'luckyharvi/0123456789/servo', '2025-01-11 19:45:24'),
(844, '0123456789', 'Actuator', '76', 'servo', 'luckyharvi/0123456789/servo', '2025-01-11 19:45:24'),
(845, '0123456789', 'Actuator', '77', 'servo', 'luckyharvi/0123456789/servo', '2025-01-11 19:45:24'),
(846, '0123456789', 'Actuator', '78', 'servo', 'luckyharvi/0123456789/servo', '2025-01-11 19:45:25'),
(847, '0123456789', 'Actuator', '79', 'servo', 'luckyharvi/0123456789/servo', '2025-01-11 19:45:25'),
(848, '0123456789', 'Actuator', '80', 'servo', 'luckyharvi/0123456789/servo', '2025-01-11 19:45:25'),
(849, '0123456789', 'Actuator', '70', 'servo', 'luckyharvi/0123456789/servo', '2025-01-11 19:45:25'),
(850, '0123456789', 'Actuator', '73', 'servo', 'luckyharvi/0123456789/servo', '2025-01-11 19:45:26'),
(851, '0123456789', 'Actuator', '74', 'servo', 'luckyharvi/0123456789/servo', '2025-01-11 19:45:26'),
(852, '0123456789', 'Actuator', '76', 'servo', 'luckyharvi/0123456789/servo', '2025-01-11 19:45:26'),
(853, '0123456789', 'Actuator', '77', 'servo', 'luckyharvi/0123456789/servo', '2025-01-11 19:45:26'),
(854, '0123456789', 'Actuator', '78', 'servo', 'luckyharvi/0123456789/servo', '2025-01-11 19:45:26'),
(855, '0123456789', 'Actuator', '79', 'servo', 'luckyharvi/0123456789/servo', '2025-01-11 19:45:27'),
(856, '0123456789', 'Actuator', '80', 'servo', 'luckyharvi/0123456789/servo', '2025-01-11 19:45:27'),
(857, '0123456789', 'Actuator', '70', 'servo', 'luckyharvi/0123456789/servo', '2025-01-11 19:45:27'),
(858, '0123456789', 'Actuator', '73', 'servo', 'luckyharvi/0123456789/servo', '2025-01-11 19:45:27'),
(859, '0123456789', 'Actuator', '74', 'servo', 'luckyharvi/0123456789/servo', '2025-01-11 19:45:27'),
(860, '0123456789', 'Actuator', '76', 'servo', 'luckyharvi/0123456789/servo', '2025-01-11 19:45:28'),
(861, '0123456789', 'Actuator', '77', 'servo', 'luckyharvi/0123456789/servo', '2025-01-11 19:45:28'),
(862, '0123456789', 'Actuator', '78', 'servo', 'luckyharvi/0123456789/servo', '2025-01-11 19:45:28'),
(863, '0123456789', 'Actuator', '79', 'servo', 'luckyharvi/0123456789/servo', '2025-01-11 19:45:28'),
(864, '0123456789', 'Actuator', '80', 'servo', 'luckyharvi/0123456789/servo', '2025-01-11 19:45:28'),
(865, '0123456789', 'Actuator', '70', 'servo', 'luckyharvi/0123456789/servo', '2025-01-11 19:45:29'),
(866, '0123456789', 'Actuator', '73', 'servo', 'luckyharvi/0123456789/servo', '2025-01-11 19:45:29'),
(867, '0123456789', 'Actuator', '74', 'servo', 'luckyharvi/0123456789/servo', '2025-01-11 19:45:29'),
(868, '0123456789', 'Actuator', '76', 'servo', 'luckyharvi/0123456789/servo', '2025-01-11 19:45:29'),
(869, '0123456789', 'Actuator', '77', 'servo', 'luckyharvi/0123456789/servo', '2025-01-11 19:45:29'),
(870, '0123456789', 'Actuator', '78', 'servo', 'luckyharvi/0123456789/servo', '2025-01-11 19:45:30'),
(871, '0123456789', 'Actuator', '79', 'servo', 'luckyharvi/0123456789/servo', '2025-01-11 19:45:30'),
(872, '0123456789', 'Actuator', '80', 'servo', 'luckyharvi/0123456789/servo', '2025-01-11 19:45:30'),
(873, '0123456789', 'Actuator', '70', 'servo', 'luckyharvi/0123456789/servo', '2025-01-11 19:45:30'),
(874, '0123456789', 'Actuator', '73', 'servo', 'luckyharvi/0123456789/servo', '2025-01-11 19:45:30'),
(875, '0123456789', 'Actuator', '74', 'servo', 'luckyharvi/0123456789/servo', '2025-01-11 19:45:31'),
(876, '0123456789', 'Actuator', '76', 'servo', 'luckyharvi/0123456789/servo', '2025-01-11 19:45:31'),
(877, '0123456789', 'Actuator', '77', 'servo', 'luckyharvi/0123456789/servo', '2025-01-11 19:45:31'),
(878, '0123456789', 'Actuator', '78', 'servo', 'luckyharvi/0123456789/servo', '2025-01-11 19:45:31'),
(879, '0123456789', 'Actuator', '79', 'servo', 'luckyharvi/0123456789/servo', '2025-01-11 19:45:32'),
(880, '0123456789', 'Actuator', '80', 'servo', 'luckyharvi/0123456789/servo', '2025-01-11 19:45:32'),
(881, '0123456789', 'Actuator', '70', 'servo', 'luckyharvi/0123456789/servo', '2025-01-11 19:45:32'),
(882, '0123456789', 'Actuator', '73', 'servo', 'luckyharvi/0123456789/servo', '2025-01-11 19:45:32'),
(883, '0123456789', 'Actuator', '74', 'servo', 'luckyharvi/0123456789/servo', '2025-01-11 19:45:32'),
(884, '0123456789', 'Actuator', '76', 'servo', 'luckyharvi/0123456789/servo', '2025-01-11 19:45:33'),
(885, '0123456789', 'Actuator', '77', 'servo', 'luckyharvi/0123456789/servo', '2025-01-11 19:45:33'),
(886, '0123456789', 'Actuator', '78', 'servo', 'luckyharvi/0123456789/servo', '2025-01-11 19:45:33'),
(887, '0123456789', 'Actuator', '79', 'servo', 'luckyharvi/0123456789/servo', '2025-01-11 19:45:33'),
(888, '0123456789', 'Actuator', '80', 'servo', 'luckyharvi/0123456789/servo', '2025-01-11 19:45:33'),
(889, '0123456789', 'Actuator', '70', 'servo', 'luckyharvi/0123456789/servo', '2025-01-11 19:45:34'),
(890, '0123456789', 'Actuator', '73', 'servo', 'luckyharvi/0123456789/servo', '2025-01-11 19:45:34'),
(891, '0123456789', 'Actuator', '74', 'servo', 'luckyharvi/0123456789/servo', '2025-01-11 19:45:34'),
(892, '0123456789', 'Actuator', '76', 'servo', 'luckyharvi/0123456789/servo', '2025-01-11 19:45:34'),
(893, '0123456789', 'Actuator', '77', 'servo', 'luckyharvi/0123456789/servo', '2025-01-11 19:45:35'),
(894, '0123456789', 'Actuator', '78', 'servo', 'luckyharvi/0123456789/servo', '2025-01-11 19:45:35'),
(895, '0123456789', 'Actuator', '79', 'servo', 'luckyharvi/0123456789/servo', '2025-01-11 19:45:35'),
(896, '0123456789', 'Actuator', '79', 'servo', 'luckyharvi/0123456789/servo', '2025-01-11 19:45:35'),
(897, '0123456789', 'Actuator', '118', 'servo', 'luckyharvi/0123456789/servo', '2025-01-11 19:45:35'),
(898, '0123456789', 'Actuator', '31', 'servo', 'luckyharvi/0123456789/servo', '2025-01-11 19:45:35'),
(899, '0123456789', 'Actuator', '31', 'servo', 'luckyharvi/0123456789/servo', '2025-01-11 19:54:00'),
(901, '0123456789', 'Sensor', '2230', 'potensiometer', 'luckyharvi/0123456789/potensiometer', '2025-01-11 20:06:26'),
(902, '0123456789', 'Sensor', '15.20', 'suhu', 'luckyharvi/0123456789/suhu', '2025-01-11 20:06:29'),
(903, '0123456789', 'Sensor', '67.50', 'kelembapan', 'luckyharvi/0123456789/kelembapan', '2025-01-11 20:06:32'),
(904, '0123456789', 'Sensor', '15.20', 'suhu', 'luckyharvi/0123456789/suhu', '2025-01-11 20:06:45'),
(905, '0123456789', 'Sensor', '67.50', 'kelembapan', 'luckyharvi/0123456789/kelembapan', '2025-01-11 20:06:47'),
(906, '0123456789', 'Actuator', '31', 'servo', 'luckyharvi/0123456789/servo', '2025-01-11 20:06:51'),
(907, '0123456789', 'Sensor', '1985', 'potensiometer', 'luckyharvi/0123456789/potensiometer', '2025-01-11 20:07:01'),
(908, '0123456789', 'Sensor', '15.20', 'suhu', 'luckyharvi/0123456789/suhu', '2025-01-11 20:07:04'),
(909, '0123456789', 'Sensor', '67.50', 'kelembapan', 'luckyharvi/0123456789/kelembapan', '2025-01-11 20:07:07'),
(910, '0123456789', 'Sensor', '424', 'potensiometer', 'luckyharvi/0123456789/potensiometer', '2025-01-11 20:07:12'),
(911, '0123456789', 'Sensor', '15.20', 'suhu', 'luckyharvi/0123456789/suhu', '2025-01-11 20:07:20'),
(912, '0123456789', 'Sensor', '67.50', 'kelembapan', 'luckyharvi/0123456789/kelembapan', '2025-01-11 20:07:22'),
(913, '0123456789', 'Sensor', '52.10', 'suhu', 'luckyharvi/0123456789/suhu', '2025-01-11 20:07:36'),
(914, '0123456789', 'Sensor', '28.00', 'kelembapan', 'luckyharvi/0123456789/kelembapan', '2025-01-11 20:07:37'),
(915, '0123456789', 'Actuator', '80', 'servo', 'luckyharvi/0123456789/servo', '2025-01-11 20:07:42'),
(916, '0123456789', 'Actuator', '135', 'servo', 'luckyharvi/0123456789/servo', '2025-01-11 20:07:47'),
(917, '0123456789', 'Actuator', 'on', 'led', 'luckyharvi/0123456789/led/1', '2025-01-11 20:07:51'),
(918, '0123456789', 'Sensor', '52.10', 'suhu', 'luckyharvi/0123456789/suhu', '2025-01-11 20:07:52'),
(919, '0123456789', 'Sensor', '28.00', 'kelembapan', 'luckyharvi/0123456789/kelembapan', '2025-01-11 20:07:53'),
(920, '0123456789', 'Actuator', 'off', 'led', 'luckyharvi/0123456789/led/2', '2025-01-11 20:07:55'),
(921, '0123456789', 'Actuator', 'on', 'led', 'luckyharvi/0123456789/led/2', '2025-01-11 20:07:59'),
(922, '0123456789', 'Actuator', 'off', 'led', 'luckyharvi/0123456789/led/1', '2025-01-11 20:08:01'),
(923, '0123456789', 'Actuator', 'off', 'led', 'luckyharvi/0123456789/led/2', '2025-01-11 20:08:04'),
(924, '0123456789', 'Sensor', '52.10', 'suhu', 'luckyharvi/0123456789/suhu', '2025-01-11 20:08:07'),
(925, '0123456789', 'Sensor', '28.00', 'kelembapan', 'luckyharvi/0123456789/kelembapan', '2025-01-11 20:08:09'),
(928, '0123456789', 'Sensor', '424', 'potensiometer', 'luckyharvi/0123456789/potensiometer', '2025-01-11 20:20:17'),
(929, '0123456789', 'Sensor', '52.10', 'suhu', 'luckyharvi/0123456789/suhu', '2025-01-11 20:20:19'),
(930, '0123456789', 'Sensor', '28.00', 'kelembapan', 'luckyharvi/0123456789/kelembapan', '2025-01-11 20:20:20'),
(931, '0123456789', 'Sensor', '2138', 'potensiometer', 'luckyharvi/0123456789/potensiometer', '2025-01-11 20:20:30'),
(932, '0123456789', 'Sensor', '52.10', 'suhu', 'luckyharvi/0123456789/suhu', '2025-01-11 20:20:33'),
(933, '0123456789', 'Sensor', '28.00', 'kelembapan', 'luckyharvi/0123456789/kelembapan', '2025-01-11 20:20:34'),
(934, '0123456789', 'Sensor', '4095', 'potensiometer', 'luckyharvi/0123456789/potensiometer', '2025-01-11 20:20:40'),
(935, '0123456789', 'Sensor', '52.10', 'suhu', 'luckyharvi/0123456789/suhu', '2025-01-11 20:20:45'),
(936, '0123456789', 'Sensor', '28.00', 'kelembapan', 'luckyharvi/0123456789/kelembapan', '2025-01-11 20:20:47'),
(937, '0123456789', 'Sensor', '2262', 'potensiometer', 'luckyharvi/0123456789/potensiometer', '2025-01-11 20:20:52'),
(938, '0123456789', 'Sensor', '2426', 'potensiometer', 'luckyharvi/0123456789/potensiometer', '2025-01-11 20:20:58'),
(939, '0123456789', 'Sensor', '52.10', 'suhu', 'luckyharvi/0123456789/suhu', '2025-01-11 20:21:01'),
(940, '0123456789', 'Sensor', '28.00', 'kelembapan', 'luckyharvi/0123456789/kelembapan', '2025-01-11 20:21:02'),
(941, '0123456789', 'Sensor', '2062', 'potensiometer', 'luckyharvi/0123456789/potensiometer', '2025-01-11 20:21:07'),
(942, '0123456789', 'Sensor', '52.10', 'suhu', 'luckyharvi/0123456789/suhu', '2025-01-11 20:21:13'),
(943, '0123456789', 'Sensor', '28.00', 'kelembapan', 'luckyharvi/0123456789/kelembapan', '2025-01-11 20:21:15'),
(944, '0123456789', 'Sensor', '757', 'potensiometer', 'luckyharvi/0123456789/potensiometer', '2025-01-11 20:21:25'),
(945, '0123456789', 'Sensor', '52.10', 'suhu', 'luckyharvi/0123456789/suhu', '2025-01-11 20:21:28'),
(946, '0123456789', 'Sensor', '28.00', 'kelembapan', 'luckyharvi/0123456789/kelembapan', '2025-01-11 20:21:30'),
(947, '0123456789', 'Sensor', '120', 'potensiometer', 'luckyharvi/0123456789/potensiometer', '2025-01-11 20:21:40'),
(948, '0123456789', 'Sensor', '52.10', 'suhu', 'luckyharvi/0123456789/suhu', '2025-01-11 20:21:43'),
(949, '0123456789', 'Sensor', '28.00', 'kelembapan', 'luckyharvi/0123456789/kelembapan', '2025-01-11 20:21:45'),
(950, '0123456789', 'Sensor', '52.10', 'suhu', 'luckyharvi/0123456789/suhu', '2025-01-11 20:21:54'),
(951, '0123456789', 'Sensor', '28.00', 'kelembapan', 'luckyharvi/0123456789/kelembapan', '2025-01-11 20:21:55'),
(952, '0123456789', 'Sensor', '0', 'potensiometer', 'luckyharvi/0123456789/potensiometer', '2025-01-11 20:22:01'),
(953, '0123456789', 'Sensor', '4095', 'potensiometer', 'luckyharvi/0123456789/potensiometer', '2025-01-11 20:22:08'),
(954, '0123456789', 'Sensor', '52.10', 'suhu', 'luckyharvi/0123456789/suhu', '2025-01-11 20:22:10'),
(955, '0123456789', 'Sensor', '28.00', 'kelembapan', 'luckyharvi/0123456789/kelembapan', '2025-01-11 20:22:12'),
(957, '0123456789', 'Actuator', '135', 'servo', 'luckyharvi/0123456789/servo', '2025-01-11 20:38:19'),
(959, '0123456789', 'Sensor', '80.00', 'suhu', 'luckyharvi/0123456789/suhu', '2025-01-11 20:49:55'),
(960, '0123456789', 'Sensor', '100.00', 'kelembapan', 'luckyharvi/0123456789/kelembapan', '2025-01-11 20:49:57'),
(961, '0123456789', 'Sensor', '80.00', 'suhu', 'luckyharvi/0123456789/suhu', '2025-01-11 20:49:59'),
(962, '0123456789', 'Sensor', '100.00', 'kelembapan', 'luckyharvi/0123456789/kelembapan', '2025-01-11 20:50:01'),
(963, '0123456789', 'Sensor', '80.00', 'suhu', 'luckyharvi/0123456789/suhu', '2025-01-11 20:50:08'),
(964, '0123456789', 'Sensor', '100.00', 'kelembapan', 'luckyharvi/0123456789/kelembapan', '2025-01-11 20:50:10'),
(965, '0123456789', 'Sensor', '80.00', 'suhu', 'luckyharvi/0123456789/suhu', '2025-01-11 20:50:26'),
(966, '0123456789', 'Actuator', '135', 'servo', 'luckyharvi/0123456789/servo', '2025-01-11 20:50:26'),
(967, '0123456789', 'Sensor', '100.00', 'kelembapan', 'luckyharvi/0123456789/kelembapan', '2025-01-11 20:50:28'),
(968, '0123456789', 'Sensor', '80.00', 'suhu', 'luckyharvi/0123456789/suhu', '2025-01-11 20:50:44'),
(969, '0123456789', 'Sensor', '100.00', 'kelembapan', 'luckyharvi/0123456789/kelembapan', '2025-01-11 20:50:46'),
(970, '0123456789', 'Sensor', '39.98', 'potensiometer', 'luckyharvi/0123456789/potensiometer', '2025-01-11 20:50:53'),
(971, '0123456789', 'Actuator', 'on', 'led', 'luckyharvi/0123456789/led/1', '2025-01-11 20:50:58'),
(972, '0123456789', 'Actuator', 'on', 'led', 'luckyharvi/0123456789/led/2', '2025-01-11 20:50:59'),
(973, '0123456789', 'Sensor', '80.00', 'suhu', 'luckyharvi/0123456789/suhu', '2025-01-11 20:51:01'),
(974, '0123456789', 'Sensor', '100.00', 'kelembapan', 'luckyharvi/0123456789/kelembapan', '2025-01-11 20:51:03'),
(975, '0123456789', 'Sensor', '2.60', 'suhu', 'luckyharvi/0123456789/suhu', '2025-01-11 20:51:18'),
(976, '0123456789', 'Sensor', '24.00', 'kelembapan', 'luckyharvi/0123456789/kelembapan', '2025-01-11 20:51:20'),
(977, '0123456789', 'Sensor', '82.59', 'potensiometer', 'luckyharvi/0123456789/potensiometer', '2025-01-11 20:51:27'),
(978, '0123456789', 'Sensor', '100.00', 'potensiometer', 'luckyharvi/0123456789/potensiometer', '2025-01-11 20:51:35'),
(979, '0123456789', 'Sensor', '2.60', 'suhu', 'luckyharvi/0123456789/suhu', '2025-01-11 20:51:38'),
(980, '0123456789', 'Sensor', '24.00', 'kelembapan', 'luckyharvi/0123456789/kelembapan', '2025-01-11 20:51:41'),
(981, '0123456789', 'Actuator', '54', 'servo', 'luckyharvi/0123456789/servo', '2025-01-11 20:51:49'),
(982, '0123456789', 'Actuator', '18', 'servo', 'luckyharvi/0123456789/servo', '2025-01-11 20:51:51'),
(983, '0123456789', 'Sensor', '2.60', 'suhu', 'luckyharvi/0123456789/suhu', '2025-01-11 20:51:53'),
(984, '0123456789', 'Actuator', '175', 'servo', 'luckyharvi/0123456789/servo', '2025-01-11 20:51:54'),
(985, '0123456789', 'Sensor', '24.00', 'kelembapan', 'luckyharvi/0123456789/kelembapan', '2025-01-11 20:51:55'),
(986, '0123456789', 'Actuator', '73', 'servo', 'luckyharvi/0123456789/servo', '2025-01-11 20:51:58'),
(987, '0123456789', 'Actuator', 'off', 'led', 'luckyharvi/0123456789/led/1', '2025-01-11 20:52:00'),
(988, '0123456789', 'Actuator', 'off', 'led', 'luckyharvi/0123456789/led/2', '2025-01-11 20:52:02'),
(989, '0123456789', 'Sensor', '2.60', 'suhu', 'luckyharvi/0123456789/suhu', '2025-01-11 20:52:11'),
(990, '0123456789', 'Sensor', '24.00', 'kelembapan', 'luckyharvi/0123456789/kelembapan', '2025-01-11 20:52:12');

-- --------------------------------------------------------

--
-- Table structure for table `devices`
--

CREATE TABLE `devices` (
  `serial_number` varchar(10) NOT NULL,
  `mcu_type` varchar(15) NOT NULL,
  `location` text NOT NULL,
  `created_time` timestamp NOT NULL DEFAULT CURRENT_TIMESTAMP,
  `active` enum('Yes','No') CHARACTER SET utf8mb4 COLLATE utf8mb4_0900_ai_ci NOT NULL DEFAULT 'Yes'
) ENGINE=InnoDB DEFAULT CHARSET=utf8mb4 COLLATE=utf8mb4_0900_ai_ci;

--
-- Dumping data for table `devices`
--

INSERT INTO `devices` (`serial_number`, `mcu_type`, `location`, `created_time`, `active`) VALUES
('000000', 'IDK', 'Kamar D', '2025-01-04 09:21:25', 'No'),
('0123456789', 'esp32', 'Kamar A', '2025-01-01 11:46:58', 'Yes'),
('1101', 'espSMAN', 'UPNVJ', '2025-01-04 08:27:39', 'Yes'),
('1234567', 'esp100', 'Home', '2025-01-09 03:55:31', 'Yes'),
('22222', 'uno', 'Kamar H', '2025-01-05 14:43:20', 'No'),
('32345', 'JASON', 'AREA TEKNIK', '2025-01-08 16:23:08', 'Yes'),
('33333', 'esp.com', 'Kamar E', '2025-01-05 14:17:56', 'Yes'),
('44444', 'arduino', 'Kamar F', '2025-01-05 14:20:33', 'Yes'),
('5678', 'esp123', 'Kamar C', '2025-01-02 07:13:48', 'Yes'),
('77777', 'arduino uno 3', 'Kamar G', '2025-01-05 14:31:00', 'Yes'),
('9876543210', 'esp8266', 'Kamar B', '2025-01-02 07:05:29', 'Yes'),
('qwertyuiop', 'esp999', 'Gedung A', '2025-01-02 16:14:40', 'No');

-- --------------------------------------------------------

--
-- Table structure for table `user`
--

CREATE TABLE `user` (
  `username` varchar(30) NOT NULL,
  `password` text NOT NULL,
  `fullname` varchar(100) NOT NULL,
  `role` enum('Admin','User') NOT NULL DEFAULT 'User',
  `active` enum('Yes','No') NOT NULL
) ENGINE=InnoDB DEFAULT CHARSET=utf8mb4 COLLATE=utf8mb4_0900_ai_ci;

--
-- Dumping data for table `user`
--

INSERT INTO `user` (`username`, `password`, `fullname`, `role`, `active`) VALUES
('budi', '$2y$10$1x1efDvMS4aD4sWDhLIR6uirVrGslUZGFh7Of2K0olHyd/DKuq1Fi', 'Budi Tarno', 'User', 'Yes'),
('DIA', '$2y$10$3dl5Kd5SUAJ2f.ZRZbIZOeK2Ijlzqg7CdSpg.q8HuYfczxuMqz70u', 'DIA ADALAH BIDADARIKU', 'User', 'Yes'),
('FcsxLucky', '$2y$10$e1NxovPiK05ys3RQj3.miuGL/7Sernsqi3CwIQmWFVRr5eHFM5lxC', 'Foundations of Project Management', 'Admin', 'No'),
('haha', '$2y$10$cQl/Y01vUxwnC0WkRHZbuOHivbe218E/fhKHFmBhFDiSvzc44NGoK', 'hehe', 'User', 'No'),
('luckyharvi', '$2y$10$0QrQkoV/E3e/kw.Jxy4Iv.OF52O3KYhnFT79b1g3XbN.RsNofco9W', 'Muhammad Lucky Harvi', 'Admin', 'Yes'),
('Thefcsx', '$2y$10$oH4ucKR81rEdeK31kv1FyujuWdrxrJDBqBewCDVk3CK/BkOBtWLby', 'FORCESX', 'User', 'Yes'),
('tono', '$2y$10$a/xqcmPkOl2aQ.At24F2kekod0BUyOOKiOxj5meWqWa5F4DqiusnO', 'Tono Suparjo', 'Admin', 'Yes');

--
-- Indexes for dumped tables
--

--
-- Indexes for table `data`
--
ALTER TABLE `data`
  ADD PRIMARY KEY (`id`),
  ADD KEY `serial_number` (`serial_number`);

--
-- Indexes for table `devices`
--
ALTER TABLE `devices`
  ADD PRIMARY KEY (`serial_number`);

--
-- Indexes for table `user`
--
ALTER TABLE `user`
  ADD PRIMARY KEY (`username`);

--
-- AUTO_INCREMENT for dumped tables
--

--
-- AUTO_INCREMENT for table `data`
--
ALTER TABLE `data`
  MODIFY `id` int NOT NULL AUTO_INCREMENT, AUTO_INCREMENT=992;

--
-- Constraints for dumped tables
--

--
-- Constraints for table `data`
--
ALTER TABLE `data`
  ADD CONSTRAINT `data_ibfk_1` FOREIGN KEY (`serial_number`) REFERENCES `devices` (`serial_number`) ON DELETE CASCADE ON UPDATE CASCADE;
COMMIT;

/*!40101 SET CHARACTER_SET_CLIENT=@OLD_CHARACTER_SET_CLIENT */;
/*!40101 SET CHARACTER_SET_RESULTS=@OLD_CHARACTER_SET_RESULTS */;
/*!40101 SET COLLATION_CONNECTION=@OLD_COLLATION_CONNECTION */;
